static const char kernel_config_data[] __used = MAGIC_START
	"\x1f\x8b\x08\x00\x00\x00\x00\x00\x02\x03\x8c\x3c\xd9\x72\xdb\xb8"
	"\xb2\xef\xf3\x15\xaa\xcc\xcb\x39\x0f\xc9\xd1\x16\xc5\xb9\xb7\xfc"
	"\x00\x92\xa0\x84\x11\xb7\x00\xa0\x24\xfb\x85\xa5\xd8\x4c\xc6\x75"
	"\x6c\x39\x57\x96\x67\x26\x7f\x7f\xbb\xc1\x0d\x20\x01\x3a\x53\xa9"
	"\x49\x88\x6e\x34\xb6\x46\xef\xd0\xef\xbf\xfd\x3e\x21\xaf\x97\xe7"
	"\xa7\xe3\xe5\xe1\xee\xf8\xf8\xf8\x73\xf2\xbd\x3c\x95\xe7\xe3\xa5"
	"\xbc\x9f\x7c\x7b\x78\x2c\xff\x77\x12\xa4\x93\x24\x95\x13\x1a\x30"
	"\xf9\x01\x90\xa3\x87\xd3\xeb\x3f\xff\x39\x9e\x9f\x56\xcb\xc9\xf2"
	"\xc3\xec\xf3\x87\xf9\xe7\xe5\x64\x5b\x9e\x4f\xe5\xe3\xc4\x7f\x3e"
	"\x7d\x7b\xf8\xfe\x0a\xbd\x1f\x9e\x4f\xbf\xfd\xfe\x1b\xfc\xf9\x1d"
	"\x1a\x9f\x7e\x00\xa1\xf3\xff\x4c\x8e\xc7\xf3\xdd\x9f\xab\xe5\xfb"
	"\xaf\xaf\x0f\x8f\xf7\xe7\xe7\xe7\xcb\xfb\x47\x24\xf6\xfe\xfb\xe9"
	"\xf5\xfd\xf7\xbb\xbb\x0f\x5f\xcf\xc5\xb9\x3c\x3e\x4e\xfe\xe5\x35"
	"\x08\x93\xf9\x74\x3e\xfb\x30\x9d\x7f\x58\xfe\x7b\x32\x9b\x7e\x58"
	"\x7c\x98\x02\x49\x3f\x4d\x42\xb6\x2e\x7c\xbf\x60\xa2\x58\xfb\xfe"
	"\xf5\xcf\xa6\x09\x3e\x8a\x1d\xe5\x82\xa5\xc9\xf5\x6c\x3a\x5d\x4c"
	"\xa7\x2d\x72\x44\x92\x75\x0b\x9b\x6a\x34\x36\x44\x14\x44\xc4\xc5"
	"\x3a\x95\x69\x47\x89\xf1\x2f\xc5\x3e\xe5\xdb\xae\xc5\xcb\x59\x14"
	"\x48\x16\xd3\x82\x1e\x24\xf1\x22\x5a\x88\x94\xcb\x0e\x2e\x37\x9c"
	"\x92\xa0\x60\x49\x98\xc2\xff\x0a\x49\x04\x76\x56\x3b\xb0\x56\x3b"
	"\xfa\x38\x79\x29\x2f\xaf\x3f\xba\x05\xb0\x84\xc9\x82\x26\xbb\x82"
	"\xf0\x75\x11\xb1\x98\xc9\xeb\xc5\x1c\x37\xac\x9e\x5b\x1a\x67\x0c"
	"\x86\x91\x54\xc8\xc9\xc3\xcb\xe4\x04\xdb\x01\x14\x9a\xde\x51\xea"
	"\x93\xa8\x59\xd0\xbb\x77\x5d\x3f\x1d\x50\x90\x5c\xa6\x96\xce\x6a"
	"\x31\x85\x20\x91\xc4\xae\x75\x63\x40\x43\x92\x47\xb2\xd8\xa4\x42"
	"\x26\x24\xa6\xd7\xef\xfe\x75\x7a\x3e\x95\xff\x6e\x11\xc4\x9e\x64"
	"\xdd\x82\xc5\x8d\xd8\xb1\xcc\x1f\x34\xe0\xdf\xbe\x8c\xa0\xbd\x9d"
	"\x52\x96\x0a\x76\x28\xe2\x2f\x39\xcd\xa9\x3e\x9b\x6e\xad\x3c\x15"
	"\xa2\x88\x69\x9c\xf2\x9b\x82\x48\x49\xfc\x8d\x15\x2f\x17\x34\x62"
	"\x9e\x15\x44\x72\x60\x50\xcb\x52\x37\x64\x47\x61\x87\xfd\x4d\x85"
	"\x81\x93\x23\x51\xd4\x1c\x0d\x9c\xf3\xe4\xe5\xf5\xeb\xcb\xcf\x97"
	"\x4b\xf9\xd4\x1d\xcd\x9a\x26\x94\x33\x5f\xb1\x41\xc6\x53\x8f\x6a"
	"\x3c\xa6\x81\xc4\x26\xdd\xbb\x21\x45\x44\x77\x34\xb2\xc3\x69\x18"
	"\x52\x5f\x32\x9c\x5a\x18\x16\x71\xc5\x2c\x16\xbc\x98\xad\x39\x91"
	"\x78\xc4\x3f\xbb\x05\xf1\x00\x40\x02\x8e\xa3\xe0\x54\xd0\x24\x30"
	"\xd9\x36\x48\x63\xc2\x12\x5b\x5b\xb1\x61\x94\xe3\x56\xdc\x0c\x07"
	"\x8b\x05\x43\x4c\x27\x60\x40\x76\x43\x92\x00\xb8\xb3\xa6\x6c\x74"
	"\x45\xf4\x30\xe5\x3e\x0d\xea\x5b\xc1\x92\xb5\xc6\x26\x19\xe1\x82"
	"\xd6\x3d\xda\xe3\xd3\x17\x1d\x50\x2f\x5f\x87\xc2\x72\x98\xc6\xd6"
	"\x00\xaf\xb2\x7a\x1a\xbc\x23\xaf\x8e\xda\x87\x4b\xb0\x15\x69\x0e"
	"\x73\x28\x02\x22\xc9\x70\x59\xea\x26\xef\x3a\x6e\xe8\x81\x15\x01"
	"\x38\xbe\x44\x8a\x1e\x69\x94\x17\x92\xf9\xdb\xc2\xe3\x29\x09\x7c"
	"\x22\xe4\x68\x6f\x03\x4d\xb1\x9c\x7c\x78\x2a\xcf\x2f\x36\xae\x53"
	"\x64\xd3\x84\x02\xf3\x68\x44\x93\xb4\xd8\xdc\xa2\x34\x88\x15\x17"
	"\xb4\x3b\x06\x8d\x19\x8c\x96\x06\xcc\xb7\xec\x54\xd5\x8b\xc1\xde"
	"\xe8\x7d\xaa\xd6\x30\x8f\x22\xeb\x1d\x52\x60\xdb\x1d\x62\xeb\x0d"
	"\xf2\x9a\xda\x35\x2e\x8c\xab\xcd\x29\x8d\x33\x09\x5d\x13\xfb\xd5"
	"\x6e\x10\x76\x69\x94\x27\x92\xf0\x1b\x0b\xfd\x1a\xa7\x5b\x73\xd3"
	"\xc9\x4f\xa1\x4f\xb3\x71\x7e\x96\xff\x47\x1e\x5f\xfe\x3b\xb9\xc0"
	"\x0e\x4e\x8e\xa7\xfb\xc9\xcb\xe5\x78\x79\x99\x1c\xef\xee\x9e\x5f"
	"\x4f\x97\x87\xd3\xf7\xde\x56\x42\x87\x82\xf8\x8a\x46\xc5\x81\xed"
	"\xa4\x76\x8c\xcb\x1e\x18\x0f\xcf\xba\x00\xe4\x35\xc5\x2d\x1d\xae"
	"\x15\xcf\x13\x01\xca\x0a\x9f\x82\x24\x03\x54\x69\x45\x42\xb5\x20"
	"\x24\x91\x36\xe6\xc6\xf9\x30\x91\x46\xcd\x7d\x57\x8b\xe6\x7e\x3e"
	"\x11\x43\x56\x69\x36\x08\xc0\xfa\xba\xe0\x13\xd4\x13\xb0\x85\x4d"
	"\x12\x8a\x0a\xb9\x99\x09\x50\xe8\x37\xe1\xe4\x0a\xa3\x09\x09\xc2"
	"\x7c\xa3\xa8\x63\x40\x0d\x92\x50\xb8\xe2\x82\xae\x7d\x2f\x62\xfa"
	"\x3d\xa8\xd4\x8b\xc7\x92\xb9\xa6\x1e\xd8\xb6\xfa\xc7\xb0\x45\x6d"
	"\x5b\xd7\x1c\xa5\x48\x21\x04\x19\xca\x42\x79\x3d\xfb\xa4\xb7\xe3"
	"\x1e\xc5\xe4\xa0\xc3\x97\xdd\x9e\xb0\x44\x6e\x41\xab\x85\xb4\x4f"
	"\xe3\x63\xff\x86\x0a\x7f\x03\x53\x57\xf7\xb4\x77\xbf\x45\x9e\x65"
	"\xa0\xd8\x45\x91\xe4\x31\x29\x3c\x02\x86\x83\x6f\xc8\x2f\x13\x0b"
	"\x86\x9c\xcd\xaf\xf4\x33\xf0\xd7\x3c\xcd\x33\x61\xbf\x60\xa0\x56"
	"\x41\xfe\x01\x8f\xd8\xd5\xe0\x86\xfa\xdb\x2c\x05\x9a\x78\xdb\x64"
	"\xca\xed\x57\xaa\x9a\x3c\xaa\x76\x35\x94\xed\xa8\x6f\x44\x28\x40"
	"\x8e\x02\x9b\xf8\x44\xd2\xc0\x50\xd2\x06\xa4\xd8\xcd\x0d\x06\xa2"
	"\x11\xb1\xdd\x50\x2f\xda\x42\xa7\x9d\xb2\x59\xb8\xae\x70\xf0\x9b"
	"\xc4\x40\xb2\x92\xb6\x9a\x39\xc1\x83\x62\x7d\xcb\x32\x83\x3a\x30"
	"\x05\x34\xcd\xad\xab\x02\x60\x74\x1b\x13\x17\xec\x70\xeb\xee\x95"
	"\xba\x41\x4b\xdb\x45\xf3\x8b\x34\x83\x2b\xcd\x6e\x29\xea\x29\x14"
	"\xa3\xf0\x57\x0c\x07\x6d\x08\xcb\x3e\x9a\x80\x7f\xd8\xf7\xba\x32"
	"\x77\x1a\xfe\x00\x51\x08\xfb\x92\x06\x54\xe8\xda\x12\x54\x7d\xce"
	"\x82\xd9\xca\x38\x0a\xe8\x08\xf7\xd5\xa7\x19\x5e\x79\xb8\x92\xc4"
	"\xd7\x2c\x0d\x2f\x0b\xbb\x8f\xea\x56\x77\xdf\x3d\x5a\x4a\x19\x82"
	"\x75\xc4\xf5\x05\x88\x35\x95\x68\x5a\x14\xb5\x9a\xb3\x33\x93\x62"
	"\x08\x0b\x86\x39\xcb\x4e\x53\xb6\x3d\xc3\x4a\xf7\xda\xe4\xb9\xb2"
	"\xf7\x5a\x65\x61\xdc\xcf\xfe\x77\x91\xc4\x4c\x97\x1c\xda\x4d\xa3"
	"\x51\x08\x62\x87\xeb\x5b\x42\xc0\x72\x40\xf5\xd5\x35\x85\xb9\xa4"
	"\x87\xde\x67\x91\x69\x24\x69\x96\xea\xf8\x82\xad\x13\x12\x85\x1a"
	"\x0f\xab\x79\xea\x0d\x4a\x73\xeb\x0d\x62\x03\xa6\xa9\xbe\x74\xc2"
	"\xec\x2c\x47\x82\x1d\x83\x19\xd6\x9b\x65\x13\xf2\x40\xc8\x23\x9c"
	"\x33\xdd\x64\xd9\x22\xee\x4d\x2c\x86\x2d\x85\x61\x9c\xb4\xad\x6a"
	"\x1b\xf0\xaa\xa2\x05\xa9\xcf\x0b\x58\x66\xf4\xb0\x91\x43\x94\x91"
	"\x1f\x06\x96\xb9\xb5\xf6\x4d\x37\x49\xa0\x96\xf8\xbd\x43\x00\xeb"
	"\xcd\x30\xdd\x94\xb9\xa6\x5a\x2d\x34\x81\x12\x0d\x02\x5d\x02\xa9"
	"\xab\x80\x57\xae\x68\xed\xab\xce\x58\xf0\x67\x53\xe3\xc6\x2a\x1d"
	"\x58\x7b\x97\x59\x79\xfe\xf6\x7c\x7e\x3a\x9e\xee\xca\x09\xfd\xab"
	"\x3c\x81\xea\x27\x60\x04\xf8\xa8\xfc\xc1\xa2\xaa\x6c\x84\x9a\x4e"
	"\x47\xde\xba\x0f\xbb\xb8\x82\x56\x06\x06\x70\xa9\x8d\xf1\xa3\xdc"
	"\xab\xd6\x66\x08\x05\xf0\xca\x88\x04\xab\x6e\x6b\xbf\x4d\x11\xf1"
	"\x1c\xb4\x8c\x9b\x19\xa5\x9e\xb3\x3f\x6c\x3f\x5f\xd3\xc6\x1d\xb3"
	"\x52\x03\xa4\x10\xf4\x37\x6a\xdd\x82\xc3\x2d\x4c\x63\x8d\x59\x0d"
	"\x28\x7a\x0b\xa0\xf3\x74\x66\xc6\x75\xa1\x1e\x05\x3b\x5c\x32\x12"
	"\x19\x02\x49\xd2\x58\x19\xcc\xe8\x2a\xb3\x90\xf9\x8d\x2d\xa2\x99"
	"\x73\x69\xc8\xa2\x9e\x0d\xd4\xf2\x4f\xbc\x5a\x76\xe4\x56\x4b\x8f"
	"\x69\x12\x2b\x8e\x73\x5d\x89\x02\x2a\xcc\x00\xd6\x59\xab\xe8\xb9"
	"\x09\x82\x0f\x59\x83\x96\x06\x7f\xc6\x31\xc9\x0a\x9e\xa0\x79\x01"
	"\xea\x37\x06\x97\x64\x76\x35\x86\x40\x0e\xd7\x73\x07\x85\xe6\x2c"
	"\x5b\x42\xb3\x5f\xc0\x03\x7a\xb3\x55\xbb\x63\xe0\xa9\x6e\x95\xd8"
	"\x6e\x2c\x02\x4d\x35\x46\x11\x5d\x93\xa8\x50\xfa\x1c\x6e\xd2\x8e"
	"\x44\x39\xbd\x9e\xfe\x73\x5f\x1e\xef\xa7\xda\x7f\x9a\x43\xbf\x05"
	"\xbd\x3c\x24\x54\xd1\x07\x33\x34\x8c\xc8\x5a\x0c\xe1\x7c\x2f\xe0"
	"\xd4\x0e\xfe\x66\x4d\x02\x30\x0b\xa2\x75\xca\x99\xdc\xc4\x43\xb7"
	"\xc4\x10\xae\x5a\x63\x2b\x4a\x9a\xb9\x8a\x21\xda\x66\x4f\xc1\x09"
	"\xb0\xf9\x3a\x22\xb7\x0c\x05\x12\x88\x79\xe0\xb9\x22\x1b\x83\x45"
	"\xd1\x21\xdc\x82\x9f\x50\x04\x31\x59\xcc\x7b\x12\xa1\xe9\xb9\xce"
	"\xf5\x18\x43\xac\x7d\x6c\x29\x4f\x68\x54\xc4\xa0\x59\xc1\xf2\xd4"
	"\x6d\xd1\x10\xb4\x0d\x25\x3c\xba\x81\xef\xa2\x12\xd5\x0d\xbb\xae"
	"\xab\x58\x8d\x72\xc5\xc5\xf5\xc2\x6e\xc4\xe5\xca\xc7\xef\x7b\x7a"
	"\x68\x95\x16\x5b\x94\x7d\x05\xe8\x94\xd6\x0d\xc9\x1e\x8f\x17\x94"
	"\x43\xc0\xf9\x8f\xe5\x5d\x1d\xe9\xea\x34\x80\x8a\x34\xf8\x78\x6d"
	"\xec\xa2\xa7\x1e\x39\x39\x30\x37\x98\x44\x19\x73\xb8\x53\x0a\xee"
	"\xf9\xf1\xfc\x6a\xf1\x71\x14\xa1\x60\x38\xff\x11\x14\xca\xe1\x1a"
	"\x8f\xc0\xb9\x1f\x0b\xe9\xb9\x11\xe8\xe1\x26\x49\x47\xd6\xb8\x5d"
	"\xb8\x61\xc0\x12\xc0\x65\x3e\xc9\x46\x16\x19\xad\x67\x5b\x37\x74"
	"\xc3\xc4\xc8\x06\xc6\x34\x60\xc0\x7c\xdb\x31\x0c\x91\x8e\xac\x3e"
	"\xde\x81\xe0\x77\x83\xbf\x80\x48\x70\x43\x39\x25\xd1\xe8\xe0\x70"
	"\x30\x5b\x7f\xc3\xb2\x11\x06\xa1\x44\xca\x68\x64\x77\x40\x2f\x7f"
	"\xc9\x41\x2e\xf0\xb1\x69\x24\x54\x90\x31\x2e\x94\x18\x5b\x3a\xcc"
	"\xa6\x6e\x14\x49\xd7\x9c\x8c\x50\xc8\x78\x30\xd2\x79\x93\x27\xc1"
	"\xd8\x0c\x6b\x84\xb9\x1b\x23\x4f\x58\x86\x51\x2b\x37\xc6\x0e\x2c"
	"\x63\x70\x96\x46\x96\x79\x40\xd1\xe2\x06\xdf\x1e\x46\x60\xb0\xcb"
	"\x71\x36\x30\x48\xbc\x57\x8c\xdf\xfc\xf8\xf1\x7c\xbe\x68\x2e\xb9"
	"\xaf\x19\x9d\xf0\x51\x87\xc6\x84\xb5\xb1\x11\x77\x26\x70\x10\x8e"
	"\x82\x46\x8a\x22\xca\xcb\x7b\x66\x12\xa3\xc4\xdc\x14\x1d\x22\xb2"
	"\x78\x80\x0d\x6d\x95\x31\x33\xd2\xa9\x31\x39\xac\x9d\xb3\x74\x0f"
	"\x57\x16\x24\xb5\x3d\xca\x63\xa0\xa1\x64\xfd\x25\xe4\xce\xf1\x72"
	"\x4c\xab\xc8\x64\x6c\xee\x51\x2c\xd8\xa0\xc1\x1a\xa0\x44\xd8\x97"
	"\x9c\xf1\x6d\x7f\xeb\x86\xfb\x60\x40\x85\xcc\x3d\x27\x90\xa5\x3b"
	"\x27\x0c\xfc\x19\x37\x8c\x08\x66\xbf\x29\x9b\x54\x66\x51\xae\xb0"
	"\x06\x7c\x86\x6d\x77\xcf\xa7\xcb\xf9\xf9\xf1\xb1\x3c\x4f\xee\xcf"
	"\x0f\x7f\x55\x86\x6e\xa5\x71\x8e\xf7\x25\xda\xc2\x80\x55\x6a\x68"
	"\x3a\x6b\x1a\x5b\x0e\x4a\x19\x4c\x41\x30\x25\x30\xc0\xef\x9c\x69"
	"\x28\xe1\xff\xb3\xe9\xd4\x89\x80\xbd\x1b\xf6\x75\x1e\x6f\x71\x40"
	"\x23\xf1\xe0\x24\xe2\xbe\x93\xed\x10\xb5\x70\x00\x26\x89\x7f\x0d"
	"\x91\xfa\x24\x1e\x6c\x61\x50\xbe\x3c\x7c\x3f\xed\x8f\x67\xb5\x4f"
	"\xe0\x2c\xc0\x3f\x84\x63\x7f\x82\x7d\x91\x81\x21\x34\xbe\x3f\x4e"
	"\xc5\xa3\x48\x6c\x19\x37\x95\x6a\x7b\x8e\xf4\x74\xff\xe3\xf9\xe1"
	"\xd4\x1f\xb5\xa0\x49\xa0\xac\x2e\x6b\xa7\x97\xbf\x1f\x2e\x77\x7f"
	"\xda\x79\xc0\x64\xda\x3d\xfc\x61\xd2\xdf\x48\xea\xbb\xfc\xa7\xb0"
	"\x3c\x5e\x5e\xcf\x65\xcb\x3f\x60\x68\x4f\xca\xf3\xf9\x78\x39\x4e"
	"\xfe\x7e\x3e\xff\xf7\x78\x06\x47\xea\xfe\x65\xf2\xd7\xc3\x71\x72"
	"\xf9\xb3\x9c\x1c\x1f\xc1\xab\x3a\x1d\x2f\x30\xde\xcb\xe4\xdb\xf9"
	"\xf8\x54\x22\x56\x27\xef\x2a\x3b\x9d\x72\xd0\x21\x79\x5c\x5c\xcd"
	"\x57\x8b\xd9\xe7\xbe\x81\xdf\x41\x3f\x8d\x42\x97\xd3\x95\x1b\x3a"
	"\xfb\xbc\xfc\x34\x77\x42\x17\xf3\xe9\xa7\x8f\x4e\xe8\xf2\xe3\xa7"
	"\x91\x71\x97\x8b\xa5\x1b\x3a\x9b\xce\x97\x9f\x66\x57\x4e\xf0\x72"
	"\xb5\x98\xcf\x9d\x23\xcf\x3e\x2e\xe7\x63\xc4\x3f\x2d\xe7\xd3\xcf"
	"\x1a\x71\x9f\xec\x18\xb4\x37\xf0\xf9\x7c\xa1\xaf\xaa\x0f\x5d\x00"
	"\x79\x37\xf4\xd3\xf2\xe3\xca\x09\x5d\x4c\x67\x33\x8d\x32\x5a\x32"
	"\x45\x48\xa2\x6d\xca\xb5\x95\x4f\x17\x6f\x62\x7c\xee\x61\x7c\x09"
	"\x42\x38\xc6\x69\x8b\x32\x9d\xae\xb4\x61\x44\xea\x83\x45\x0c\x56"
	"\x74\x67\xb8\x60\x0c\x9b\xe9\xe9\x15\xbc\x59\x11\x43\x13\xbe\x1d"
	"\x66\x35\x5b\x4d\xa7\x57\xd3\xf9\xf8\x6c\xe8\x6c\xba\x9c\xf5\x77"
	"\x7a\xb9\x55\xee\xa5\x21\xfc\x2b\xc8\x6c\x55\x83\x1c\x7a\x1f\x71"
	"\x56\x4b\x0b\x8e\x81\xb1\x23\x95\x43\xb8\xf8\x3c\x1c\xa1\x81\x2d"
	"\xaf\xde\xea\x7e\xbd\xf8\xdc\x77\x89\x9b\xae\x43\x67\xb9\xea\xb1"
	"\xbc\xd2\xa2\x11\xe0\xc6\x7b\x18\x65\x49\xc0\xde\x4d\x46\x82\xc5"
	"\xb1\x3f\x02\x14\xb1\x2d\xca\x90\x70\x24\x2f\x3a\xf7\xbb\xd1\x54"
	"\xd0\x6a\xe4\x94\x72\x33\x68\xdb\x62\x47\x14\xc3\xe3\xca\xe3\xeb"
	"\xe5\xad\x5c\xea\x05\x40\xf3\x8f\x4e\xd0\xc2\xec\x65\x90\x9b\x6a"
	"\x6c\x74\x8b\xb9\xff\xd6\xad\xae\x96\xb8\xe1\x98\x11\x72\x05\xf1"
	"\xab\x08\x16\x9e\x37\x58\x5f\x7a\x2a\xa2\x8d\x88\x55\xab\xa9\x12"
	"\xd4\xe8\x80\x46\x7d\x52\x2a\xa9\x09\x70\x38\x0a\x74\x38\x9d\xe0"
	"\xce\xc4\x32\xcd\xfd\x88\xfa\xb2\x49\x80\xdb\x06\x00\xdf\x5f\xda"
	"\xc8\x77\xe9\xed\x2c\x4c\x30\xc6\xc0\xcc\x60\x7f\xb7\xc8\x4d\xbe"
	"\xa6\x32\xf2\xc2\xbe\x9b\xbb\x27\x89\x54\xc0\x22\x8b\x81\x17\x36"
	"\x84\x53\xcb\x06\xf8\x04\xf6\xb1\x00\x9d\x4e\x55\x1c\xdc\x08\x66"
	"\x51\x1f\x23\x24\x76\xa5\x48\x38\xc1\x64\xdb\x28\xf0\x97\xd2\x6b"
	"\x3e\x27\x62\x53\x04\xb9\x63\xa0\x83\x99\xbd\x6b\x02\x03\x98\x85"
	"\x56\x09\x23\xe4\xc2\x94\x83\x99\xa0\x45\x79\xf2\x04\x23\x3c\x75"
	"\x58\x01\xf4\x3e\x8d\xa6\x66\x9a\x9d\x26\xe0\x06\x83\x75\x8a\xb1"
	"\x00\xf0\x28\x7d\x99\xf2\x01\x02\x8d\xe6\xe0\x83\x20\x48\xf4\x6f"
	"\xac\x10\x9e\x76\x18\x31\x93\x6c\x8d\x11\x11\x91\x01\x3a\xa7\x0d"
	"\x69\x10\x7b\xd0\xf9\xa6\x27\x45\x76\x57\x5a\x92\xc6\x29\x45\x40"
	"\xed\x4b\xe9\xf1\x29\x6c\x65\x9b\x31\x04\xc8\x5f\x57\x1f\x66\x13"
	"\x2c\xb6\x79\xb8\x94\x77\xa0\xf3\x8f\x8f\x93\x6f\x9d\xf2\x37\x28"
	"\x6c\xf6\x05\x09\x03\x2f\x1e\x4a\x9b\xa4\xdf\x14\x09\x38\x24\x99"
	"\xc6\xcc\x1f\xac\x74\xb7\xa1\xe6\xf0\xf3\x5f\x1c\x3e\x27\xe9\x50"
	"\x7c\x66\xb1\x69\xf2\x19\x40\x60\x03\xac\xc0\x19\xcc\x4e\xec\x68"
	"\xbf\x09\xee\x51\x1e\x01\x5b\x47\xba\x96\xe1\x14\x0b\x64\xa4\x79"
	"\x8b\xaa\x18\x2a\x26\x7a\x30\xb4\x6e\x6b\xaf\x69\x71\xba\xc6\x4c"
	"\x4d\x9d\x82\xa8\x9c\x41\xac\x53\x7a\xfe\x81\x81\x20\x6d\x79\x7e"
	"\x1c\xe0\x65\x31\x2a\x73\xea\xb6\x8a\x2b\xad\x5c\x4c\x43\x66\xcb"
	"\x57\xa9\xf8\xe3\xb0\xd0\xa6\x6d\xaf\xec\xc5\xe7\xbf\xc1\x3e\x7c"
	"\x3a\x9e\x8e\xdf\xcb\xa7\xf2\xa4\xcf\xa9\xbb\xaa\x39\x30\x5f\xe2"
	"\x70\x44\x98\x07\x37\x41\x05\x7c\xed\xb7\x35\x76\xe4\xac\xb3\xb8"
	"\x2f\x2f\x3a\x4a\x98\x0a\x12\xcc\x22\x10\xab\x89\xe8\xe0\x26\xc7"
	"\x5f\x2f\x24\x6e\x17\xd2\xfa\x3b\x00\x63\xf7\x8f\xa5\xb6\xc9\x98"
	"\x31\xef\x95\x38\x34\x6d\xc5\x3a\xdd\x15\x11\x09\x02\xab\x9f\x6c"
	"\x60\xc5\x34\xc9\x35\xf6\x6d\x07\x9a\x04\x43\x63\x1b\xe0\xd8\x99"
	"\xf5\x12\x5f\xed\x04\xc3\x73\xf9\x7f\xaf\xe0\x96\xfd\x9c\xbc\xdc"
	"\x1d\x1f\xab\x9a\x04\x63\x6e\x21\x37\xf3\x24\x0a\x1e\x3e\x9c\x9f"
	"\xfe\x46\x1f\xa5\x1b\x51\x1b\x2f\x13\xe8\x97\xed\x7b\x17\xa5\x6a"
	"\x56\x29\x63\x67\x7c\x24\x2e\x44\x40\x0b\x15\xd3\x0d\x89\x83\xe7"
	"\x42\xc6\xe3\x3d\x08\x7d\xd4\x3e\x20\x0f\xed\x38\xfb\xc2\x0f\xeb"
	"\x5c\xa1\xbb\xc6\x0a\x46\x8b\x7d\x55\x8f\xd7\x95\xf5\xa4\xe9\x1a"
	"\x76\xb9\x19\x63\xb0\x70\x59\x7e\x3f\x1f\x27\xdf\x9a\xe5\x57\xde"
	"\x8d\xbe\x65\xa8\x1f\x72\xd0\x6a\xb7\x03\xc6\x34\xd3\x05\xfc\x26"
	"\xd3\xeb\xf7\xaa\x6f\xd4\x66\xf3\x8f\xab\x7e\x62\xa2\x03\x7e\x9c"
	"\xcd\xdd\xc0\x59\x43\x9b\x5a\xe9\xea\x50\x4d\x4b\x0d\x48\x17\xbe"
	"\xab\xe6\xad\x41\x5d\x54\x88\xa3\x58\xf1\xe2\xd7\xa8\xc5\xcb\x5f"
	"\xc2\x5b\x6f\x50\x9b\xfe\x0a\xa6\xcf\xfd\x85\x7d\x25\x26\x1e\x01"
	"\xfb\xc8\xbe\x95\x2d\xc4\xb6\x93\x3a\xb0\xf0\xfd\x78\x1c\xc1\x8b"
	"\xb6\x23\x08\x98\x14\xa8\x51\x06\xab\xd8\x80\xfd\x42\xe6\x53\x85"
	"\x33\xb6\xdc\x8e\x9a\x27\x06\xdc\xda\x14\x72\x6a\xba\xad\x7c\x7f"
	"\x5f\xfe\x28\x4f\xf7\xa6\xc0\x35\x6c\x16\x33\x7b\xba\x6d\x73\x0d"
	"\xed\xd0\x7f\x80\x51\x03\xa2\xca\xa3\x91\xeb\x6e\xd1\x30\x64\x3e"
	"\xc3\x84\x65\x9e\xc0\x65\x58\x27\x58\xff\xe1\x63\xa9\x91\x46\x98"
	"\x53\xd9\xcf\x63\xa8\xce\x5b\x7b\xab\x0b\xdd\xc8\xc7\x77\xe6\xa5"
	"\xca\x42\x6d\xd2\x74\xdb\x03\x06\x31\x51\xc9\x3a\xb6\xce\xd3\xdc"
	"\x92\x38\x12\xb0\x36\x25\x69\xab\x52\x40\x4b\x99\x23\x02\x31\x47"
	"\x0f\x86\xa4\xd4\x93\x3f\xad\xed\x09\xfa\x52\xb2\xf0\xa6\x29\x31"
	"\x19\x22\x40\xc7\xda\x76\xb6\xce\xbc\xaa\xcc\x15\x92\xe7\x60\x63"
	"\xef\x37\x4c\x52\xb3\x5c\x49\xa1\x82\x66\x87\x93\x4f\x82\x2a\xa7"
	"\x57\xef\x6e\x41\xb2\xfe\x66\xd4\xd9\x6f\xbd\xc9\x8f\xb6\xb6\xf4"
	"\x36\x52\xb4\xb5\x63\x12\xbe\x1e\x05\xcd\x59\xdb\x94\x3b\x8e\xe8"
	"\x8f\xee\xe7\x45\x95\xd1\xc2\x0c\xef\x60\x2b\xaa\xe3\xab\x4a\xa0"
	"\xfc\x38\xc3\x9c\x60\x9f\x7c\xcd\x3d\xf5\x6e\xa0\xcf\xd3\x5f\x4d"
	"\xd5\xaf\xaa\x23\x76\xc0\x82\x34\x1f\xea\x74\xe5\x48\xd4\xb9\x52"
	"\x34\x4f\xaa\x3a\xcf\xa6\x44\xd9\xb2\xca\xda\x71\x00\xed\x10\x49"
	"\xca\x7b\x18\x6a\x83\x80\x41\x25\x35\xcd\xee\xba\x64\xdb\x04\xab"
	"\xf2\x43\xcd\x40\x72\xf4\xed\x75\x82\x3d\x48\x93\xfe\x06\x21\x2f"
	"\x63\x9c\x02\xf9\x7d\xcb\x06\x60\x47\xe5\x60\x0f\xcb\x52\x33\xe8"
	"\xb8\x53\x09\xba\x86\xb4\xf6\xc0\x2c\xa7\x51\x1d\x2c\x7a\x67\xbb"
	"\x98\xf4\x79\x05\x8c\xd2\xc6\xbf\xa4\x3e\xa6\xeb\x35\x6f\x43\xd9"
	"\xab\x02\x99\x4d\xd5\xd1\x60\x8a\xd7\x72\x73\x14\xa8\x31\x72\x6d"
	"\x43\x1b\xd9\xf4\x1e\x01\x13\xd6\xa5\xe1\x2d\xbd\xb5\x14\xba\x8b"
	"\x88\x8e\xd2\xf9\x68\x7e\x84\x09\x63\x0f\xce\x02\xec\x87\x40\xeb"
	"\x9c\x62\x01\x3b\x5b\xd7\x86\xa4\x16\xaf\xaa\xe9\xd4\xf0\x2a\x15"
	"\x3b\x80\x2e\xe6\x30\x8e\x3a\x22\xdb\xa2\x71\xab\x2b\x66\xe9\xa0"
	"\xb6\xb6\x4e\x00\x49\x90\x64\xb2\x71\x25\xf9\xfe\xa0\xf3\x9c\x13"
	"\xd4\xef\xde\xf8\x18\x96\xee\x36\x10\xa7\xa1\x62\xae\x5e\x41\x94"
	"\x16\x11\x80\x43\x07\xdd\x5d\x7b\x3c\x98\x91\x6e\x5f\x24\xf8\xe9"
	"\xee\xfd\xd7\xe3\x4b\x79\x3f\xf9\x6f\x15\x1c\xfe\x71\x7e\xfe\xf6"
	"\xd0\xb7\x57\x11\xad\x9e\xf9\x58\xb9\x90\x42\xab\x0a\x43\xa8\x59"
	"\xb1\x84\xf1\x22\xac\x3b\x4f\x85\x04\xbb\xb0\xab\x0d\xac\x32\xfe"
	"\x70\x95\x2b\x04\xdd\x3d\x83\xb5\x62\x09\x97\xae\x96\x54\xb9\x93"
	"\x88\x91\xf2\xb4\xc7\xdf\xba\x1a\xad\xf7\xa8\xf2\xf9\xa3\x94\xd8"
	"\xdc\xe6\x1a\x27\x4f\x10\xee\xec\x5c\x81\xad\x66\x02\xe0\xd5\x12"
	"\x4d\xb8\xe0\x48\x47\x70\xbf\x7d\x82\xe1\xa8\xc5\x6a\x30\xd9\x7a"
	"\x0c\x8c\xfc\xea\x4c\x6f\x02\x6f\xc4\x30\x59\xb8\xe3\x41\xb1\xc5"
	"\xca\x30\x6b\xe5\xa6\x51\xe3\x8a\x85\x9c\xc2\x17\x0c\xb8\xe2\x4b"
	"\x4e\x85\x91\xeb\x6b\x8a\x3c\x3d\xe1\xa8\x70\xee\xe0\xae\x57\x18"
	"\x5d\x9d\x28\x66\x8e\x99\xbc\x19\xc5\xc2\xa0\x4c\xe0\xc4\x68\xdc"
	"\x65\xa5\x47\xb8\x13\x6d\xef\x49\x67\xc1\x2a\x86\xf5\x42\xd1\x5f"
	"\x23\x6e\x57\x9a\x91\x68\x98\x72\x39\x9e\x2f\x0f\x68\xc3\x4d\xe4"
	"\xcf\x1f\x7a\xb0\x42\x95\x4a\x29\x7f\x96\x04\x3b\x4c\x57\x1a\xbc"
	"\x43\xc0\xc2\x4b\x3a\x1c\xbb\x2f\xc6\x0e\x6f\x60\xa4\x22\x7c\x8b"
	"\x46\x0c\xf2\xec\x2d\x1c\x49\x38\xb3\xe3\x34\x8c\x45\xfc\x0e\xae"
	"\x29\x0c\x11\xa4\xc2\x00\x18\x95\xed\x01\x13\xdb\x81\x89\xda\x31"
	"\x2b\x4b\x60\x7d\x22\xf7\xc6\x27\x87\xc5\xed\x9c\x89\xe2\x70\xb5"
	"\x7a\x63\x19\x39\xd0\x53\x4e\xa9\x75\xdc\xa6\x62\x2a\x88\xed\x13"
	"\x46\x80\x3b\xc9\x2b\xd6\xec\xad\xd1\x23\xb8\x59\x6f\x9d\x97\xc8"
	"\xdf\x3a\xf3\x2d\x38\x12\x64\xf4\x2c\x68\xc8\xec\x2b\xc0\x10\xcf"
	"\xea\xea\x0d\xfa\xda\x05\x71\x8e\xa0\xae\xff\x20\x82\x84\xb7\x20"
	"\xfe\x52\x97\x2c\x54\x0f\xa1\xd2\x89\xb8\xfb\xb3\xbc\x7f\x7d\x34"
	"\xc2\x0f\x2c\xad\xe2\xe7\x49\x9a\x1a\x95\xdc\x4d\x7b\x00\x96\x75"
	"\xe4\xaa\x55\x6a\x90\xfc\xd0\x56\x19\xda\x3c\x37\xab\x49\xf7\x5a"
	"\xeb\xbe\xd7\xef\x4e\xcf\xcf\x3f\x5a\xbd\x01\x73\xee\x8f\xac\x71"
	"\x70\x07\xdc\xde\x78\x66\x29\x74\x03\xf0\xac\x53\x21\x22\xd1\xf2"
	"\x47\xc0\x7b\x49\x15\xe8\xce\x40\x77\xa1\x2e\x70\x67\x0e\xaa\x78"
	"\x68\xc1\xe3\xbd\x5e\x8b\x8d\x25\xc8\xaa\x33\x08\x8c\x74\x9f\xe8"
	"\xb6\x6d\x55\xac\xe7\x00\xaa\xb3\x72\xc0\xaa\x72\x18\x50\x84\xea"
	"\x15\x5d\xa0\xd0\xd4\x2b\x27\x2d\x37\xe6\x84\xf4\x3b\xf3\xbd\xbd"
	"\xeb\xa0\xbd\x33\x51\xaa\xd2\x94\x62\xcf\x49\x96\xa9\x79\x29\xb6"
	"\xa1\xff\x94\x77\xaf\x97\xe3\xd7\xc7\x52\xbd\x16\x9d\xa8\x02\xdd"
	"\x8b\xc6\x40\x1e\x4b\xc2\x18\x43\xeb\xe1\xc0\x06\xb3\x81\xe0\xa3"
	"\x76\x97\xb5\x8a\x5b\x14\x03\xe8\x10\x35\xbc\x81\x46\xeb\x06\x8e"
	"\xdf\x5e\xb7\x5b\x93\x15\x3e\x67\x99\xa9\xde\x2a\x40\xcc\x84\x6f"
	"\x0d\xb2\x72\x5a\xbb\x63\x6a\x65\x71\xf9\xf4\x7c\xfe\xa9\x85\x21"
	"\x87\xee\xbd\x3d\x6b\xd3\x05\xcd\xea\x94\x4d\x4c\x92\x9c\x58\x4b"
	"\xeb\xdb\xac\x50\x85\xd2\x7f\x23\x67\x54\x32\x56\x06\x7f\x35\x54"
	"\xa6\xde\xfd\x49\x0b\x3e\x86\xc6\x39\xd5\xad\xda\x0e\xb4\xab\x02"
	"\x7c\x83\x14\xd2\x00\x63\x38\x68\xcf\x88\x48\xd2\xc2\x4b\x53\x69"
	"\xcc\xaf\x9e\x9a\xfe\x80\xa9\xa5\x1f\x81\xad\x9d\xc9\x4a\x12\x19"
	"\x29\x45\xc5\x09\x3d\x0b\xdd\xf2\xe4\x31\xdb\xdc\xc0\x55\x0b\x02"
	"\x5e\xc8\x7e\x55\xf1\x56\xc4\x43\xe1\xa1\x96\x09\x3a\x49\xf5\xb9"
	"\x5e\xcc\x3f\xad\xae\xec\xd7\xb7\x9e\x74\x48\x58\x94\x9b\x5c\x67"
	"\x42\x1c\xd6\xd7\xd0\x7b\xb3\xcb\xe9\x88\x82\xcd\x80\x09\x34\x7b"
	"\x70\x15\xbc\x50\x89\x6f\x6b\x6d\x5c\x19\x13\xe3\x2e\x80\x3e\x71"
	"\x2b\xb6\x16\x6a\x0d\xd2\x22\x14\x26\x4b\xc4\xf5\xa7\xae\xcb\x6d"
	"\x96\xa6\x76\x95\x7e\xeb\xe5\x76\xd3\xec\x56\x59\xe2\xa9\x3f\xf2"
	"\x3c\x53\xd5\xe2\x82\xcc\x05\x4e\x24\x99\xf9\x54\x20\xa4\x9c\x9b"
	"\xe1\x07\xf5\x86\xc8\xae\x3f\x54\x64\x08\x51\x1a\x67\xdc\x9e\x98"
	"\xa0\x1c\x1d\xf2\xc1\xb3\xba\xce\x8d\xc9\xb3\xc2\xa3\x89\xbf\x89"
	"\x89\x59\xb6\xdf\x17\x72\x59\x9d\x9d\x33\xaa\xe2\x13\x2a\x8d\x0f"
	"\x98\xef\x9a\x1b\x91\x37\x6c\xa4\x4d\x9b\x12\x1e\x49\x79\xc1\x62"
	"\x19\x70\xa7\x86\x52\x03\x18\x7e\x4b\xcd\x1a\x3b\xd5\x02\xa6\x0e"
	"\xb1\x55\xe7\xa1\x29\x64\x28\x27\xd0\x2d\xbe\x51\xe0\xa7\xda\xfa"
	"\xbd\x3b\x36\xb5\xbe\x43\x39\x84\x5c\xbb\x38\xf8\xa5\x2a\xc7\x7b"
	"\x4d\xea\x45\xd1\x93\x96\x65\xc5\xc6\xf1\x74\x82\x42\x01\x4b\x10"
	"\x43\x7a\xcc\xbf\x71\xe3\x54\xf7\x7c\x8c\x08\x1c\x28\x13\x92\xf9"
	"\xae\xf9\x63\x94\x29\xd5\x03\x68\x78\x10\x5b\x6a\xa4\x52\xeb\x26"
	"\xdb\x68\xed\x13\x36\xfd\x80\xf7\x8c\xd3\x75\x4e\x78\xa0\x2f\xbb"
	"\x6d\x74\x96\x50\xb2\xac\x7a\x82\x65\xbe\x07\x86\xd6\xc6\x5f\x28"
	"\x78\x9a\xcb\x9e\x4d\x82\x91\x2f\x0f\x9d\x38\x5a\xb8\xde\x84\x36"
	"\x74\x33\x0c\xa0\xa2\xd8\x16\x06\x75\x45\xb4\xc6\x20\x72\x63\x81"
	"\x81\x17\xea\xa5\x7a\x4a\xb3\x85\xf8\x11\x11\x82\x05\xbd\x19\x65"
	"\x89\x3d\x03\xa4\x18\x3f\x63\x36\x19\x55\x81\xd6\xa8\xa5\x69\x9c"
	"\x1f\x7a\x97\x25\x2b\x64\x9e\x24\x34\xea\x37\xaf\xf5\xa0\x78\x47"
	"\xc2\xf2\xaa\x1a\xf7\xa0\x9e\x72\xef\x0d\x6a\x0b\xb1\x21\x8f\xed"
	"\x5b\xc6\x62\x01\xea\x6e\x66\x6b\x9c\xeb\x89\xd6\x04\xc6\x4c\xb7"
	"\x8c\x8a\xfe\x5c\x77\x92\x99\x4d\x79\xa0\xad\xd4\xd8\xb6\x30\xcd"
	"\x9d\x5b\x0a\xb0\x6e\x8b\x84\x83\x3b\x0b\xb2\x01\x6e\xd4\x1b\xa8"
	"\xc8\x74\xfe\x6c\xda\x8a\x34\x0c\x1d\x81\x0f\x56\x4d\x5b\xdd\x17"
	"\x93\x56\x15\x4e\xc6\xd7\x85\x39\xf7\x8a\xba\x46\x62\x65\xa0\xa8"
	"\xcb\x56\x2f\xae\xd7\xb9\x77\xb6\x1d\xba\x7a\xa6\x51\xa9\x48\xf3"
	"\x59\x4c\x0f\x63\x9c\x80\x47\x4d\x51\xa9\xc0\x6e\x51\xe7\x67\x18"
	"\xbf\x5d\xb7\xb7\xce\xb2\x11\x2d\x8e\x9f\x7b\x7a\xc0\xb4\xb1\x1d"
	"\x1a\xf8\xf5\xbb\xbb\xd7\xaf\x0f\x77\xef\x4c\xea\x71\xf0\xb1\x17"
	"\xb0\x69\xf9\x67\xb7\xd2\xb9\x69\xb7\xaa\x6f\x3c\x1a\x6b\xa1\x79"
	"\xc9\x1a\x98\xfa\xb1\x10\xbb\xe6\x43\x9c\xea\xf1\x29\x0a\xc0\x22"
	"\x70\x9e\xe9\x0a\x99\xe3\xa7\xd9\x82\xdc\xd1\xdb\xb3\xd5\x2f\xb0"
	"\xc7\xaa\x93\xa7\xe6\x44\x62\x96\xad\xdc\xd3\x64\x11\x71\x12\xd4"
	"\x19\xa7\x37\x49\x7b\xeb\x9b\xac\xb3\x7a\x83\x77\x56\x6f\x30\x8f"
	"\x0e\x57\x87\x50\x3f\xf1\x75\xa5\x97\xd5\x12\x8d\xcb\xae\x5a\x04"
	"\x93\xc3\x96\x62\x65\x3c\x8d\xc6\xd6\x24\x00\x6f\xa3\xc0\xc7\xc0"
	"\xf2\x26\xa3\x3d\xe0\x60\xfe\xd8\x68\xc8\xc5\x6a\xfb\x07\x82\xcc"
	"\x3c\x00\x50\xb6\xf8\x98\x5f\xb8\x66\xdf\x8a\xc8\xde\xa9\x5a\xc5"
	"\xa4\x8b\x88\x26\x1c\x7b\xa3\xd3\xf5\xaa\x88\xf6\xd5\x5a\xdc\x5c"
	"\xa2\xd0\xc0\x00\xb3\xd7\x21\xc6\x19\x5c\xae\x91\x18\x81\x82\x63"
	"\xa1\xc9\xbb\xfb\xf2\xdb\xf1\xf5\xf1\xf2\xce\x10\xa3\xf8\x4b\x3d"
	"\x98\x4d\xea\xdb\x77\x03\x1c\x70\x24\x54\xd0\x1f\xd4\x6d\x9c\xd9"
	"\x1f\x31\x02\x6a\x3f\x1f\xd5\x36\xe9\xd1\xbf\xc6\xa9\xe4\x2c\x58"
	"\x53\xad\xd7\x53\xf3\xab\x47\xe7\x12\xcd\x40\xf0\x8a\x2f\xe5\x79"
	"\xf0\xcb\x48\x03\xca\x36\xa3\xb2\x06\xc1\xbf\x22\x96\x6c\x6d\xa0"
	"\x90\xc4\x0c\x2c\xed\x6a\x12\x23\x08\x84\x67\x3d\xad\x64\xd2\x1e"
	"\xfc\x60\x85\x13\x51\x05\x0a\x46\x66\x89\xbf\xbc\x30\x3e\x54\x2a"
	"\x42\xdb\x48\xf8\xd4\x3b\x49\x94\xa1\xaf\x91\x0f\xab\x5f\x7d\x18"
	"\xfc\xf8\x49\x0d\x00\x9a\x01\xdd\x8d\x4e\x1c\xa9\x36\x3f\x23\x62"
	"\x19\xab\x40\x9e\xe9\x51\xee\x80\x18\xa0\x16\x6f\xcc\x56\xbd\x13"
	"\xd4\xab\x2a\x0d\xe0\xf0\x8d\xb3\x01\x46\x66\x84\x6b\x68\x67\xda"
	"\x3e\xa2\xe2\xda\xb7\x51\x55\xb8\x54\x38\xf1\x24\x4e\x58\xa6\x45"
	"\xe0\x5b\xaf\x9c\x8e\x62\xda\x68\x1a\x40\xf8\x32\xeb\xaf\xa9\x81"
	"\x81\x21\x04\xfe\x3e\x7d\x7b\x9e\x24\x26\x49\x40\xde\xda\xdd\x50"
	"\x6a\x06\x8b\x01\xd9\x2c\xe6\x0b\xdd\x0a\x32\x80\x8c\xfb\x6f\xcf"
	"\x00\xb8\xc4\x63\xa9\x28\x12\xf1\x36\xae\x48\xe2\xec\x4d\x4e\xc8"
	"\x86\xdb\xd2\x11\x20\x09\x7d\x8b\x80\x60\xae\xc5\xca\xc1\x3e\x48"
	"\x4d\x30\xf4\x0e\xa2\xb9\x6a\x1b\x1a\x65\xd6\xf2\xb7\xe1\xad\x5c"
	"\x47\x39\xd8\xd7\xe6\x25\x49\xc8\xe0\x5b\xfd\xe4\x8b\x2e\xff\xea"
	"\x66\x83\x2d\x4c\x50\x7f\xe2\xd8\xd6\x5f\x27\xb6\x49\x1b\x22\x96"
	"\xdd\x72\xda\x9b\x57\xad\x07\xcd\xa3\xaf\x1a\xb1\x14\xc4\x75\x96"
	"\x35\x06\x5a\x01\x6f\xa0\x0c\xc5\x8a\x86\x24\xb1\xe2\xdd\xf5\x63"
	"\x41\x08\xf6\xa5\x1b\x54\xfd\xdc\xc0\x08\x3c\x49\xd4\x2f\xc1\x39"
	"\x31\x40\xea\xb9\x61\xa3\x3d\x63\x22\xbe\x38\x81\x6a\x9f\xdd\x0b"
	"\x26\x6e\xb2\x23\x8a\x1f\xc1\xa9\xf7\x07\xd8\xbf\x4e\xb0\xfb\x27"
	"\xe1\x2a\x68\x2a\xc9\xc8\x9c\xff\xa0\xa3\x7b\x8d\x51\x66\x27\x18"
	"\x0b\xe0\x9c\x40\x81\xbf\xdf\xe5\xee\xdb\x53\x61\xe6\x7e\xc0\x55"
	"\x38\xdc\xb8\x18\x0c\xec\xef\x7d\xc5\x65\xa3\xb7\xf2\xd0\x9a\x7a"
	"\xca\x98\x38\xa8\x08\xfb\xcb\xe4\xee\xf9\xe9\xeb\xc3\xa9\xbc\x9f"
	"\x3c\x3d\x63\xa2\xe6\xc5\x66\x48\x1c\x64\xa3\xd2\x6c\x20\x64\xb0"
	"\x11\xb0\xa0\xb2\x3f\xe6\xe5\x78\xfe\x5e\x5e\x8c\x1a\x58\xa3\x8b"
	"\x24\x7c\x0d\x3e\x99\xaa\x43\x15\x79\xfc\xc6\xb2\x5a\x74\x15\x7c"
	"\x08\xff\x9f\xb1\x6b\x6b\x6e\x1c\xd5\xd6\x7f\xc5\x4f\xa7\x66\xaa"
	"\x76\x57\xdb\x72\xec\xd8\xbb\xea\x3c\x20\x84\x6c\xda\xba\x45\xc8"
	"\xb6\x32\x2f\x2a\x4f\x27\x33\x9d\xda\xe9\x4b\x25\xe9\x5d\xd3\xe7"
	"\xd7\x1f\x16\x48\x16\x48\x2c\x94\x87\xbe\x98\xf5\x09\x01\x82\xc5"
	"\x62\xb1\x2e\xf7\x48\x3b\x3a\x94\xbf\xb5\x1d\xaa\xf2\xd3\x23\x41"
	"\x0b\x3f\x62\x9f\x58\xcc\xc4\x85\xf0\x89\x96\x23\x34\x28\x2e\x55"
	"\x54\x99\x77\x3f\x91\x38\xcf\xaa\x4e\x64\xbe\xf3\x77\x86\xa7\x77"
	"\x7e\x80\x67\x44\x6d\x8e\xef\x78\x36\x83\x88\x42\x13\xa3\x99\xc5"
	"\x93\x6d\xcc\x62\x54\x8e\x34\x40\x79\x27\x0d\x7a\x87\x0e\xd4\x7a"
	"\xee\x10\x99\x4e\xf4\x78\x43\x71\xa0\x64\x8d\xc6\x56\xe4\x02\xa8"
	"\x55\x3e\x35\x6b\x94\xcd\xe4\x3b\x1b\x26\x0f\x38\xa9\x10\x53\x9d"
	"\x95\x28\x79\x60\x05\xa3\xa0\xb1\x57\x7a\xb7\x62\xbf\x5e\xde\x3e"
	"\x7f\xf1\x30\x87\x0a\x22\x4c\x44\x51\xd9\x9e\x48\xdd\xef\xd3\xb0"
	"\xb0\x88\xa7\xa7\xb0\x86\xd2\xe4\x28\xaa\x09\x61\xa3\x07\x4b\x81"
	"\x1e\x2e\xb0\xbe\x7a\x31\x59\x16\xde\x57\x4c\x4c\xb4\x51\xed\x99"
	"\x88\x85\x00\x06\x57\xc1\x56\x7f\x4d\xa0\x3c\xeb\xa4\x07\xf9\xa7"
	"\x68\x8b\x2b\x8e\xef\x1d\xc5\xa1\x50\xee\xc5\xb2\x13\x16\xff\xcd"
	"\x85\xd6\x5c\xd0\x57\x21\xa3\xd9\x7b\xdf\xcd\xc4\x3b\x5f\x0b\xdb"
	"\xac\x1e\x6e\xdf\xb7\xd6\x82\xaa\x77\xb0\x3d\x3c\x5a\x03\xb4\xf2"
	"\xea\x7d\xad\xe2\x45\x49\xb2\xdd\xd4\xec\x4f\x82\xea\x9d\xf5\x25"
	"\x2c\xdb\x55\x7b\x6f\x17\xa7\xe7\x5c\x4a\xe8\x04\x7d\x62\x3e\x6a"
	"\x55\x8e\x56\x99\xf9\xfa\x95\xc5\x68\x7c\x4a\x07\x1a\x15\x76\x1c"
	"\x50\x30\x59\x78\xdf\x88\xe9\xdb\xa1\x89\x86\xc2\xbd\xef\xd4\xf9"
	"\xbe\x07\x1f\x2a\xc5\xd1\x7c\x1f\x41\x09\x94\x13\xf3\xc8\xb1\x9f"
	"\x78\xe1\x8c\x24\xe9\xfb\x5a\x28\xf7\x1d\xeb\xd6\xde\x01\x51\x27"
	"\x28\x5f\x0f\xb4\x64\xea\x87\x54\xa4\x62\xfe\xb7\x74\x37\x6b\x13"
	"\xa8\xd2\xb2\x5b\x76\x40\xae\x9b\x96\x07\x62\xd9\xd8\x3a\x00\x47"
	"\x33\x14\x94\x83\x7e\x66\xa1\x6c\xc9\x14\x23\x8e\xb4\x09\x95\x6f"
	"\x5c\x76\x2c\x37\x8f\x9d\xbc\x68\xc5\x5d\xeb\xb7\x0e\x18\xb6\x5a"
	"\x0f\x4a\x43\x0e\x72\x4f\xc3\x8b\x11\xfe\x4a\xb1\x96\xaf\x4d\x1c"
	"\xa8\xb1\x35\x4d\x79\xe0\x38\x2a\x6c\xcb\xed\xd5\x6e\xd3\x7c\xf5"
	"\x01\x0d\xaf\x15\xa8\x19\xab\xf0\x97\x52\x37\x09\x25\xc8\xca\xbc"
	"\x75\xfa\x08\x3e\x1a\xde\x45\x49\xe4\xb1\x15\x28\xb3\xa5\xaa\x78"
	"\x77\x62\xa0\xf2\x2f\x9a\x93\x98\x58\xca\x44\x1c\x45\xeb\x83\x30"
	"\x92\xa9\x78\xf1\xef\x77\x68\x71\x63\x50\x54\x97\x44\xa9\xba\x6f"
	"\x2c\x55\x85\x5e\xae\xba\xdc\xd4\x6d\x68\xf9\xb1\x2b\x77\x69\x29"
	"\x24\xc5\xad\x2d\x6a\x01\x5a\xa5\x6b\xb4\xe0\x58\xb8\xaa\x03\x2d"
	"\xa9\x84\xba\xab\x02\xe2\xa8\xc9\xfa\x58\x3d\x2e\xcf\x08\x52\x08"
	"\x8a\x85\x23\x2b\x09\x78\x1a\x5a\x74\x39\xf8\xaa\xbd\x5a\x72\xcd"
	"\x85\xb5\xf6\x0c\x4a\xc9\x77\x3b\x6b\xf7\x37\x75\x4a\x43\x1d\xa4"
	"\xa2\x14\x0e\x3d\x53\xab\x0e\xb4\xde\xc0\x0b\xd7\x9d\x09\x50\x5a"
	"\x31\x78\x8f\xdc\x58\xf4\x10\x4c\x28\x32\x31\x65\x31\x9e\x3e\x4e"
	"\x60\x55\x25\xee\x4b\xfe\x1e\x31\x1e\xa6\x4e\x64\x29\x82\xc2\x4d"
	"\x92\x1c\x32\x35\x79\xdf\x80\x36\x24\x0c\xaf\x37\xac\x8f\xa1\xbf"
	"\xfe\x78\xbc\x5a\xb2\xb8\xcf\x46\xfa\x0d\x0b\x67\x9d\x20\xad\x47"
	"\xfb\x69\x82\x00\x86\x67\xcb\x41\xbb\x86\xe7\xb6\xae\x97\xd9\x2e"
	"\x61\x68\x7b\xdb\x53\x09\x12\x6a\xcd\x82\xfa\x3f\x74\x37\x57\x3d"
	"\x1f\xb0\x24\xe7\x71\x3b\xe4\xda\xf3\x5c\xac\xa9\x85\x9b\x09\x75"
	"\x62\x6f\xf9\xcd\x7f\xd7\xef\xe3\x38\x3d\x67\x59\x23\x9c\x65\x8d"
	"\x72\x96\xb5\x9b\x1d\xb4\x2c\xc4\xae\xaf\x67\x07\xeb\xd1\xbd\xcc"
	"\xa8\xb0\xe5\x11\xeb\x09\x1e\x61\xdd\x94\xaf\xf1\x85\xba\x7e\xc7"
	"\x4a\x35\x30\xec\xc8\x11\x2f\x5a\x0b\x06\x9c\x7a\x1a\x05\xc7\xec"
	"\x69\xd4\x3e\x99\xc6\x40\x87\xb5\xb9\xea\x34\x36\x7d\x47\x37\x5d"
	"\xdc\xc6\x89\xab\xd0\xd1\x14\xa5\xf7\x3d\x57\xb5\x18\xfe\x8a\x31"
	"\x13\x59\x4f\x70\x91\xf5\x7b\xd9\xc8\xda\x5a\xd7\x76\xb1\x5e\x63"
	"\x76\xd9\x80\xe5\xac\x27\x79\x8e\x89\xc8\x0a\xfb\x6e\xa1\xdf\xc8"
	"\xd7\x83\x7b\x95\x76\xf9\xe8\xbb\x56\x97\xdd\x71\x7b\x13\x1c\x37"
	"\x2c\x1c\x9a\x1c\xb5\x34\x49\x00\x03\x27\xcb\x60\xc9\x20\x55\xa3"
	"\x51\xb5\x88\xba\x9f\xbd\x39\x73\x4f\xdb\xcc\x83\xc6\x1d\x6d\xd3"
	"\x00\x11\xb9\x47\xec\xf0\x76\x2b\x88\x29\x53\x18\xe5\x1c\x2b\x5e"
	"\x3b\xcb\x07\x47\x5d\x83\x62\x0b\xb5\x06\xa1\x3b\xbc\xb9\x68\xa2"
	"\x72\xbf\xfe\x94\x98\x31\x4a\xec\x6e\x94\xac\x48\xee\x9d\xc4\xc8"
	"\x9a\x2e\x83\xb6\x35\x6e\xd2\x78\xf3\x31\x9b\x87\x55\x38\xb8\x09"
	"\x37\x28\x4a\x43\xea\xfe\x5e\x13\x92\x04\x72\x69\x0b\x12\xf0\xe0"
	"\x4a\x16\x7e\x37\x51\xb8\x83\x1b\x18\x9a\x39\xc3\x48\x2b\x44\x6b"
	"\x61\xa1\xcd\xdc\x94\x85\x06\x18\x39\x8d\x6b\x72\xe0\x20\x46\x02"
	"\x12\x56\x0a\x79\x62\x98\x25\xc4\xc4\x4f\xb5\xe0\x5d\x6f\x2e\x23"
	"\xc4\x53\x8e\x17\x48\x2c\xdc\xca\x75\x78\x07\xcd\x8f\xe5\x50\x14"
	"\xa8\x0e\x8d\x4c\xab\x6d\xc0\x69\xe9\xea\xdb\x78\xf6\x3a\x66\x05"
	"\xdf\xa5\xf2\x13\x82\x2b\x0c\x9a\x5e\x44\x03\x25\xc2\x47\x86\x35"
	"\xd1\x72\x11\xb7\x79\x8b\xf6\x11\x57\xb7\x22\x64\x68\xa8\x28\x8b"
	"\x1c\x4f\xa8\x2a\x25\x87\x59\x58\x41\xdf\xfb\xd2\x66\x77\x2a\xdd"
	"\x6d\x32\x30\xe9\xc9\x79\x06\x49\x12\x2b\x5a\x88\xfc\x19\x60\x5e"
	"\x6d\x89\xfb\xfa\xa5\x0e\xdc\x61\x90\x13\x52\x20\x51\x3c\xf7\x39"
	"\x76\x01\xbc\x4e\xf2\x73\x81\x84\x51\xe3\x8c\x31\xe8\xca\xea\x06"
	"\xb1\x80\xd5\xee\x4a\xad\x18\x77\xf7\xf3\xf1\xe7\xe3\xd3\xb7\xbf"
	"\x3f\xb6\x3e\x55\x56\x6e\x9a\x16\xdd\xd0\xd0\xbe\xa8\x51\x85\xfb"
	"\x2a\x74\x14\xc6\x82\x5a\xaa\x0d\x55\x5a\x94\x3c\x1f\x7e\x42\xd1"
	"\xa9\x01\xef\x50\x93\x53\xa1\x34\x51\x91\x97\x2e\xe2\x10\xef\xa6"
	"\xa4\xde\xb9\xde\x5b\xb1\xbb\xc4\xf3\x54\x15\xc6\xae\xa7\x68\x28"
	"\xbc\x4d\x91\xc7\x74\x2f\x7d\x57\x62\x57\x67\x8a\x1c\x89\x91\x81"
	"\x4f\x4b\x91\xff\x22\x91\x45\xaf\xcf\x96\xa5\x97\x9e\xde\xc1\x27"
	"\xf0\x0f\xe4\x21\x9c\xc4\xd0\x7d\x7e\x60\x5e\xc4\x5d\xec\xff\x9c"
	"\x14\x5c\x8f\x3c\x83\x10\xdf\x69\xc8\x78\x66\x51\x72\x60\xae\xc1"
	"\x99\x78\xe1\x7e\xef\xff\x28\x05\x67\x9e\xe6\xf4\xb6\x6e\xe3\x07"
	"\x13\xc4\xb7\xe5\xfa\x4d\xc6\x59\x11\xf4\xd5\xf4\xf3\xe5\xf5\xf5"
	"\xe9\xaf\xa7\xcf\x63\x0b\x3b\x79\x08\x1c\x98\x6f\xcb\x02\x70\x2a"
	"\x1f\xe8\x3f\x55\xb1\x92\xce\x6e\xc6\xe5\xf1\x79\x5c\x66\x69\x2e"
	"\xdb\x02\x15\xe2\x63\x5c\xea\x9a\x84\xea\x75\xe2\x84\xdb\xdb\x77"
	"\x80\x35\x32\x96\xaa\x5d\x49\x7e\x76\x55\x3c\xb8\xb9\x73\x3c\x35"
	"\xb8\x6f\x51\xe5\xea\x74\x60\x79\xf0\x2b\xcb\x72\x55\xec\x2a\x6b"
	"\x03\x22\x2c\x03\x07\x89\xa6\xb6\x26\xbb\x2b\x57\x97\x7a\x4e\x0a"
	"\x8c\xa7\xab\x3c\x65\x4a\x69\x3f\x26\xa8\xb0\xfc\x2e\x02\x2f\x04"
	"\xc3\x28\x83\x72\xe8\x36\x19\xdc\x07\x43\x81\xbe\xa1\x60\xe3\xf2"
	"\x1d\xb1\x4f\x36\x3b\xa2\x4d\xdf\x30\x8e\x09\xe4\x94\x83\xd7\xd3"
	"\xb8\x2e\x41\xd2\x22\x19\x2d\x40\xa2\xce\xdb\xe8\x0d\x84\xa2\x0f"
	"\x4c\x72\x86\x6d\x87\x6c\x9d\x8e\xd7\xf1\xa1\xb7\x8c\x2a\x3d\x84"
	"\x6e\xb8\x9d\xda\xa1\x2b\x6d\xc5\xee\x51\x8b\xf0\x19\xa7\xea\x72"
	"\x5d\xa8\x76\xaf\x4f\xf3\xc8\x39\x06\x31\xf3\x8e\x81\x36\x3d\x02"
	"\xf7\x1e\xcf\x54\xe7\x59\x34\x66\x7b\x31\x8f\xad\xad\x33\xa2\xae"
	"\xaf\x17\x65\x02\xf2\x70\xe5\x90\x4d\xd3\xd4\xa5\x84\x52\x68\x24"
	"\x2a\x14\x80\xdb\x91\xbf\x60\xd9\x49\x47\x63\x76\x8b\x45\x5a\x75"
	"\x83\x6e\x7b\xca\x1e\x0f\xf5\x71\x90\x13\x06\xdf\x30\x33\xc4\xa6"
	"\x69\x2f\x4a\x8c\x1f\xab\x76\x46\xec\x34\xfc\x00\xc9\x12\x4e\xcf"
	"\xa0\x1f\x47\x4d\xe1\xe0\x85\x54\xb8\x22\x16\x96\x85\x19\xd2\x23"
	"\x56\x09\xf1\xcc\xed\xa7\x2e\x06\x1c\xb9\x84\x94\x6e\xe2\xbe\xb1"
	"\x73\x35\x85\x77\xc9\x30\xbb\xd1\x27\x8e\xcd\x7b\x65\x5a\xd5\x1d"
	"\x3d\x4d\x2f\xbc\xd9\xdb\xe3\xeb\xdb\x20\xb2\x09\x3c\x20\xcf\x9c"
	"\x98\x19\xdf\x9e\xa4\x25\x89\x90\x7d\x9b\x22\x22\x62\xe8\x5e\xb1"
	"\x24\x96\xbd\x2b\xb1\xe3\x47\xdc\x1c\xa8\xeb\x04\x02\x9e\x61\xe5"
	"\xd1\x52\x22\x80\x17\x5a\x62\xd9\x88\xd3\x78\x07\x32\xe9\xc2\xe0"
	"\x68\x89\x2a\x50\x49\x63\xc1\xc7\xc1\x72\x1e\x6d\xd1\xf0\x41\x59"
	"\x22\x67\x69\xd9\x9c\x49\x99\xc9\xdd\x18\xc9\x46\xd7\xe1\x29\x83"
	"\xf8\x5b\x6d\x32\xa0\x26\xcf\x8e\x4e\xf7\xd2\x0e\x0d\x81\x45\x64"
	"\x4b\x55\xa2\x2d\xf0\x7b\x63\xbb\x28\x1c\x37\x59\x79\xa3\x77\x41"
	"\x71\x00\x02\xcb\xd8\xd1\xb5\xeb\x31\xb2\x10\x48\x5f\x50\x7f\xd7"
	"\x6b\xf3\xcb\x88\x18\x59\x73\xc6\x75\x9c\xe5\x36\xe2\x5e\x6b\x84"
	"\x2a\x84\x3b\x8a\x86\x7e\x58\xee\x80\xdd\x15\x59\xad\x43\xe3\xce"
	"\x4d\xc7\x41\x59\xea\x3e\xa8\xc6\x07\x8e\x65\xe1\x94\x73\x73\x5b"
	"\x20\x53\x8f\xbb\x05\x2f\xca\x0a\x30\x31\x08\x11\xbb\x43\x97\xb3"
	"\x6e\xe1\xde\x7c\x30\xa6\xeb\x72\xf1\xe8\xf8\xa4\xa8\x74\x7c\x60"
	"\x23\xb8\x5b\x99\xcb\x36\x25\xc9\x48\xc8\x93\x73\x0f\xf8\x9b\x73"
	"\x44\xef\xd5\xa4\x68\x11\x96\x27\x3d\xe1\x49\x7e\x72\x6a\x3c\x75"
	"\x78\xbc\x96\x33\x74\x0b\x3f\x7a\xfc\xef\xd3\x67\x24\x98\x26\x49"
	"\x43\x62\x25\x66\x7e\xfa\xdc\x02\x67\xf9\xd0\x55\xf7\xa8\x93\x84"
	"\x0d\xad\x53\xac\xe2\x46\x39\x5e\x9a\x59\x94\x4f\x55\x5a\x98\xfe"
	"\x00\x5d\x49\x93\xda\x6e\x08\x72\xe6\x64\x11\x49\xac\xc8\x65\x45"
	"\xa9\xeb\xbe\x06\xe5\x54\xa9\x34\xbb\xf6\x5e\xc3\x84\x3e\x7f\xbf"
	"\x3c\xa8\x38\x99\x7d\x7c\x4e\x70\xec\x52\xdb\xd4\x35\x61\x60\x55"
	"\x92\x6b\x3d\x56\x1c\xda\x2b\x5a\x87\xa2\x1b\x5b\x89\xf7\xec\x29"
	"\x01\xa6\x0a\xa1\x7a\xba\xf0\x08\x4e\x98\x0e\xb4\x13\x95\xfc\x84"
	"\xd4\xd3\x02\xd8\xa9\x44\xa2\xae\x6b\x00\x70\xad\xb6\x1a\xc9\x14"
	"\xd2\x1c\xc9\x1f\xa2\x60\x44\x65\xa6\x6b\xc1\x2a\x90\xa1\xc7\x21"
	"\x5d\x05\x6c\x3b\x56\x39\x92\xcb\x19\xc8\xa7\x63\x22\x7f\x90\x90"
	"\x27\xbc\xb2\xfc\x3d\x25\x77\xb2\xae\xa5\xf4\xef\x26\x4d\xb9\xe1"
	"\x2d\xad\xa2\x20\xa6\xa4\x9f\x80\xca\x4b\x49\x25\x6e\x78\xfa\xfb"
	"\xe7\xf7\x9f\xaf\xb3\xaf\x3a\x9e\x84\xfc\x7a\x97\xd9\xeb\xd3\xff"
	"\x3d\xfe\xdb\x8c\x15\x4c\x14\xe7\x68\x52\x6d\xef\x36\x1f\x11\x04"
	"\xe4\xbd\x1a\x19\xc3\x59\x64\xf0\x82\x97\x33\x07\x8d\x41\x60\x55"
	"\xc5\xb3\x77\x80\x6c\xce\x65\x46\x11\x80\x18\x82\xca\x7e\x6f\x33"
	"\x1c\x49\x1d\xd6\x2e\x97\xdb\x78\xbe\xbb\xbf\x46\x48\x96\xdd\x7f"
	"\x50\x4b\xd2\x32\x23\x6e\x33\x4c\x35\x3b\x2e\x42\xf9\xa0\x9b\x77"
	"\x75\xe9\x7d\x1a\xfd\xdb\xdd\x6c\x29\x5b\xaa\x88\x7e\x6e\xef\xff"
	"\x4c\x38\x13\x31\x56\x76\xfc\xaf\x2a\x52\xf3\x0a\x89\xea\x55\xc1"
	"\x46\x16\x41\xd0\x0b\x15\x6d\x07\xa9\xd0\x8a\xc8\x23\x86\xd5\x93"
	"\x58\x78\x1f\xce\x63\xe4\xb9\xf2\x76\xfc\xdc\x20\x5e\xd5\x8f\xcb"
	"\xcb\xab\x91\x1a\xe6\xf8\x0a\x11\x94\xb5\x91\xb8\x4a\x92\x58\xbd"
	"\x5c\xbe\xbd\x3e\xab\xb3\xf1\x2c\xb9\xfc\x1a\x04\x35\x86\xb7\xa8"
	"\x10\x1f\x68\xe7\x75\x18\xa1\xd2\x2d\x10\xc5\x15\x6a\xff\x8f\x5c"
	"\x8f\xa1\x94\x32\x8e\xd0\xea\x84\x88\x23\x24\x8d\x41\x3a\x7c\xc8"
	"\x1c\xd6\xbc\xb0\x7c\x45\xa0\x0c\x89\xb6\x01\xa4\x6b\x30\x25\xc8"
	"\x9a\xa0\x04\xe0\x6b\x2a\x66\x92\x7e\x2c\xf3\xf4\x63\xfc\x7c\x79"
	"\xfd\x32\xfb\xfc\xe5\xe9\x87\x2b\x1b\x8b\x9a\x06\x31\x47\x47\xf2"
	"\x13\x8b\x18\xc5\xf8\x15\x00\x80\xb9\x84\x44\x1e\x01\xce\x3c\xaa"
	"\xf6\x8d\xe1\xa3\xee\xa0\x06\x5e\xea\x8d\x4d\x95\xcd\x6a\xf8\xc2"
	"\x51\x16\x0c\xa7\x5c\x49\x52\xa4\x75\x65\x9e\x8e\xe6\x67\x08\xc1"
	"\x68\x46\x93\x33\xbd\xfc\xf8\x01\x01\x30\xda\x31\x82\xd0\x40\x7a"
	"\xd0\x2e\x9f\x25\x23\x30\x76\x59\xd5\x8c\x1c\x64\x91\x1a\x3a\x00"
	"\x1a\xf0\xd1\x1a\x00\x4b\x40\x2c\x38\xb5\x41\x97\x6b\x08\x9f\xc2"
	"\x34\xdd\xae\x97\x75\x8d\xd7\x41\xf1\xaf\xb6\x2b\x78\xae\x8c\xa6"
	"\x51\x04\x44\xc5\x48\x9a\x13\x84\x22\xc5\x41\x90\x5e\x68\x30\xb6"
	"\x16\x3d\xb9\x1a\x67\x8f\x86\x53\x3c\x3e\xff\xf5\x01\xf6\x93\x8b"
	"\xf2\x00\x91\xe8\x96\xa7\x62\x93\xb0\x48\xe9\x6a\xb5\x40\x5f\x05"
	"\x59\x3e\xe3\x64\xe0\x04\x63\x4e\xa5\x60\x55\x6c\xe6\xc3\xef\x90"
	"\xd2\x7d\x11\x2c\x0f\xc1\x6a\x8d\x56\x2c\x44\x15\xac\x12\x9c\x9c"
	"\xf8\x06\xa0\xd8\xfb\xa8\xf2\x8f\x8f\xac\x98\x54\x00\x23\x33\xca"
	"\x02\xf5\xf4\xfa\x9f\x0f\xf9\xb7\x0f\x14\xe6\xdf\x48\x3a\xb4\xc7"
	"\x25\xa7\xbb\x25\x32\x26\x19\x51\x71\x4a\x07\x91\x82\x80\xc7\x64"
	"\x0c\x68\xbe\xc7\x98\x1d\x18\xdd\x2c\x87\xb0\xe9\x9e\x47\xd1\xc7"
	"\x42\x44\xc1\x70\x05\x45\x0c\xa2\x45\x7b\x27\xb6\x89\x8b\x2a\x3f"
	"\x0c\x16\x81\x1f\x21\x45\x80\x7c\xaa\x4d\x5c\x1c\xf2\x0c\xcd\x7e"
	"\xd8\xe3\xe4\x77\xb8\xf1\x43\x28\x41\xce\x2a\x57\x04\xfc\x25\x78"
	"\xea\xfb\x2e\x20\x85\xa0\xa3\x0c\xeb\x15\x32\xd4\x21\x15\x88\x82"
	"\x77\x5f\x48\x4d\xa3\xa4\x80\x95\xfb\x3f\xfa\xdf\x60\x56\xc8\x93"
	"\x7d\x2b\xf6\x21\x6b\x54\x3f\xe0\xa9\x3c\x2f\x47\x2b\xb0\xda\x2c"
	"\xfe\xf9\x67\xc8\x65\xc6\xcf\xa9\xb3\xd4\x8d\x72\x8b\x6f\x73\x93"
	"\xf4\xdb\xa5\x44\x74\xb9\xe0\xee\x8e\x24\x92\xbf\x91\xba\x8e\x21"
	"\xb7\xb7\x0b\x59\xd0\x9c\x13\x15\x52\x5b\xec\x73\x79\x32\xb9\x99"
	"\x6f\xd7\x43\x40\xc8\xc2\x56\x11\x13\xcc\xed\xc6\x03\x35\x96\x9b"
	"\x6a\x8a\x6e\xbf\x80\x00\x5f\x54\xd7\x8b\x07\x51\xc8\xa2\xca\xd0"
	"\xdf\xe7\xd6\xe5\x92\x14\xa5\x8e\x19\xaf\x2a\xb7\x5f\x50\x1e\xab"
	"\xd8\x6c\x95\x15\x41\x5b\x16\xea\xb0\x55\x4e\xd2\x21\x0f\x3f\x59"
	"\x05\xc0\xa3\x2d\x5d\x8c\x2c\xe3\xe5\x9d\xf5\xdb\xb2\x6f\x95\xbf"
	"\xd3\xc8\x3c\x32\xe4\x60\x5b\x25\xcf\x5f\x27\x10\x34\xec\xf4\xe2"
	"\x92\x04\xc7\xdd\x84\xdc\x63\x79\x73\x40\x97\x81\x46\x3d\x3d\xb9"
	"\x82\xba\x66\xc7\x24\x81\x1f\x2e\x99\x3e\x82\x5d\xfd\xeb\xf8\x19"
	"\x48\x69\x27\x04\xcc\x39\x5e\x2c\x03\x64\xeb\xec\xc0\x11\xa1\xdb"
	"\xf5\xdc\x0b\x39\xba\x13\xbb\x74\xe4\xc4\x8a\x04\x69\x96\xaa\x60"
	"\x6e\xda\x8b\xff\x66\x5c\xad\x0e\xdd\x9f\xa0\x57\xe3\x5d\x03\xcb"
	"\x30\xf2\x02\xb2\x09\xba\x38\x4c\xd0\xeb\x8d\xa7\x77\x72\xe7\x1a"
	"\x77\x4e\x16\xb6\xfd\x5a\xb8\x48\x4a\x9f\xb4\x59\x6c\x03\xe3\xb0"
	"\x03\x1f\x0b\x74\x97\x34\x3a\x45\xd8\x65\xb9\x9a\x3e\x0d\xab\xf6"
	"\xde\xf6\x4e\x8d\x47\x29\xec\x4f\xae\x95\xaa\xa7\x94\xb9\x32\x28"
	"\x5e\x07\x11\xe8\xce\xd3\x80\x24\x34\x31\xc5\x69\xda\x22\x6b\x2c"
	"\x47\x3e\xbd\x7e\x76\x1d\x1f\x49\xb4\x0a\x56\x75\x13\x15\xb9\x7b"
	"\xdb\x8a\x8e\x69\x7a\x0f\x6b\x12\x31\x03\x20\x59\x85\x24\xf1\x85"
	"\x00\xb1\x3c\xa7\x37\x88\x25\x49\x9c\x2a\x19\xc0\x7d\xb2\xa1\x62"
	"\xbb\x0c\xc4\xcd\xdc\x2d\x78\x49\x96\x9b\xe4\xe2\x08\xda\x51\xb9"
	"\xf0\x39\x45\xb4\x21\xfb\xa2\xe1\x89\x7b\xab\x25\x45\x24\xb6\x9b"
	"\x79\x40\x90\x5b\x00\x2e\x92\x60\x3b\x9f\x2f\x3d\xc4\xc0\xbd\x48"
	"\xa5\x10\x2f\xe4\x46\xd1\x54\x12\xb4\x5a\xf9\x31\xe1\x7e\x71\x7b"
	"\xeb\x87\xa8\x86\x6e\xe7\x6e\x9e\xb1\x4f\xe9\x7a\xb9\x72\xdb\x7a"
	"\x44\x62\xb1\xde\xb8\x49\x47\x11\xb6\x17\x16\x4d\x2c\xc8\xf6\x66"
	"\x33\x47\x6c\x3f\xaa\x4a\x8e\xad\x94\x91\x8a\xa5\x4f\x6f\x20\x30"
	"\x61\xd2\xcc\xcb\xd9\x54\x98\x33\x10\x0d\x86\x5c\x58\x87\x44\x65"
	"\xf2\x74\x97\xba\x92\xb0\x6a\x8a\x5c\x9f\x81\x7b\x6a\xf5\xf4\x95"
	"\x8f\x0e\x69\xe5\x91\xc0\x7a\x2d\x22\x25\xf5\x7a\x73\xeb\xad\x64"
	"\xbb\xa4\xf5\xda\x0f\xa8\xeb\x1b\x2f\x42\x1e\x31\x9b\xcd\x76\x5f"
	"\x30\xe1\xfe\xc8\x34\xbc\x5d\xcc\x47\x4b\xa5\x4d\xfb\xf3\xcf\xe5"
	"\x75\xc6\xbf\xbd\xbe\xbd\xfc\x84\xd8\xaa\xaf\xb3\xd7\x2f\x97\x17"
	"\x79\xac\x79\x03\x3d\x05\x8c\xdb\xec\x59\x1e\x73\x66\x0f\x72\xed"
	"\x3f\xfd\x80\xff\x9a\xe3\x58\x41\x92\x5e\xef\xe4\x4b\xb8\x58\x36"
	"\x03\xb1\xc6\x0d\xe2\x01\x72\x31\x03\x26\x54\x04\x74\xb4\xc5\x38"
	"\x4e\x38\xff\xf6\xf6\xf8\x3c\x4b\x39\x95\xb2\xde\xcb\xe3\xf3\xe5"
	"\x4d\xb6\xbc\xff\xde\x03\x08\x68\xbf\xa2\x2e\xaf\x91\x3e\xca\x51"
	"\x1e\x3b\x8a\x4f\x72\xff\x1a\x97\xf6\x15\xed\xbf\xbf\xbe\xa1\x44"
	"\x7a\x79\x79\x70\xbd\x06\xc5\x7f\xff\xf1\xf2\x1d\xce\xe1\xf2\x54"
	"\x2e\xde\x64\x0f\xcc\x48\xb7\xbf\xd1\x5c\xa4\xbf\x1b\x27\xa4\x6b"
	"\xfb\xa2\x51\x82\xa6\x1d\xcb\xce\x77\x48\x36\x33\xba\x47\xce\x0b"
	"\x10\x14\xab\xac\x44\x8d\x1f\x4d\xae\x08\xb9\xe6\xc7\x67\x61\xb8"
	"\x75\x6c\x4f\xbf\xa3\x3c\xdc\x2a\xba\x3d\xdc\x28\x1b\x02\x4d\x49"
	"\x78\xd4\x80\x58\x27\x9c\xd6\x87\x82\xf7\x7a\x73\xf5\x78\x64\x87"
	"\x5d\xd5\x55\xde\xb9\x8c\x4f\x4c\x04\x04\x02\xd2\xe1\xe6\xfb\x56"
	"\xb6\xcd\x9b\xbd\xfd\xfa\xf1\x38\xfb\x4d\xce\xe7\xff\xfc\x6b\xf6"
	"\x76\xf9\xf1\xf8\xaf\x19\x8d\x3e\xc8\x55\xf4\xbb\x11\x2a\xb9\x13"
	"\x23\xac\xa6\xd3\x7d\xa9\x4b\x11\x26\xd4\x92\x73\x21\x3c\x02\xa1"
	"\x64\x75\x7d\x0f\xaf\x35\xee\x9c\xef\xa1\x7b\xac\x7f\xf2\xff\x70"
	"\x67\x61\x6b\x28\x15\x25\xc9\x77\x3b\xcc\x70\x51\x01\x04\x85\x0b"
	"\x73\x50\xd9\xbb\x3f\x66\xd5\xad\x7b\x3b\x5d\x9d\x7a\x54\x9e\x56"
	"\x46\x9f\xce\x86\xc4\x74\x0a\xc1\xd5\xdf\x13\x20\x41\xc4\x7b\x20"
	"\x09\x0f\xe5\x3f\x1e\x4c\x59\x4c\x55\x93\xe4\xe7\x04\x2e\x61\xa7"
	"\x11\x72\x85\xa4\x94\x13\x1c\x18\xed\x71\x5a\x2e\x22\x15\x5d\x97"
	"\x93\x2a\x47\x2f\xcf\x0a\x90\x17\xbb\x83\xae\x95\xd6\x00\x89\xbd"
	"\x92\xba\xa5\xc6\x6b\xcc\x0e\x44\x34\x8a\x8f\x62\x10\x62\x4f\xb3"
	"\x24\xc6\xd8\x6c\xb1\xdc\xde\xcc\x7e\x8b\x9f\x5e\x1e\xcf\xf2\xcf"
	"\xef\xae\xcd\x33\xe6\x25\x83\x1b\x70\x2c\x87\x9d\x22\xca\x83\xaf"
	"\x40\x8c\x41\xe4\xdc\x06\x79\xcb\x8c\x33\xcd\x07\x96\x40\x56\x9e"
	"\xae\x10\x7c\x4a\xb3\x5d\x0f\x51\xf2\xa4\x39\x3e\xec\x4e\x25\xa6"
	"\xc3\xa3\x7c\x34\xce\x7b\x57\x1e\x87\xc3\x4b\xd1\x8a\x61\x5a\x2d"
	"\x42\xc1\xdc\x06\x0b\xab\x37\x20\x75\x57\x26\xf5\xc0\x42\x07\x2e"
	"\x67\x90\xab\xb4\x5d\x55\x60\x2f\x16\x8c\x62\x1d\x03\x46\x90\x3b"
	"\x43\xd8\xe8\xe0\x23\x7d\x1b\x25\xd3\x0c\x99\x9c\x66\x3c\x2f\x1b"
	"\x42\xdc\x0f\x18\x88\x10\x7d\x38\x74\xcf\x45\x1b\x13\x22\x2f\xc8"
	"\x8e\x90\x0f\xe2\x24\xfe\x77\x79\x8d\x02\x7a\xcc\x4c\xe6\x27\x7f"
	"\x36\x27\x35\x07\x4a\xc9\x48\x9b\x84\x21\x77\x51\xc8\x81\x2a\x4b"
	"\x52\x2c\x1d\x47\x49\x33\xc7\x99\x46\xdd\xe3\xf7\xb2\xce\x83\xbd"
	"\xd1\x46\x4f\x52\x2e\x7a\xfa\xf3\x27\x88\x15\x42\x67\x80\x27\x46"
	"\xc6\x39\x97\x32\x49\xb6\x0c\x6c\x29\xdc\x7b\x44\x1c\x45\x1c\x49"
	"\xf9\x59\xb8\x55\x3f\x11\xcf\x1b\xbd\x60\x8c\xf5\x02\x85\xe1\xd1"
	"\x56\xcd\xab\x32\x0a\x49\x68\x38\x1a\xdb\x51\x61\x78\x15\x12\x64"
	"\x83\xe8\x2a\x6e\xd2\x63\xed\xd1\x31\x9a\x28\xb8\x7c\x2d\x99\xa7"
	"\x3a\xc8\x25\xde\xc4\xcc\xdb\xa6\x54\x50\x0a\x5c\x20\xc5\x21\x39"
	"\xad\xb0\x7c\x81\x8a\x5e\xed\x8f\x99\x3b\xc1\x68\xb1\xbf\x97\xfb"
	"\x84\x71\xd9\x7f\x96\x25\x96\xad\x3b\x8b\x3a\xcf\x57\x00\x8f\x8f"
	"\xbd\x9c\xcf\xa0\x1c\x57\xf2\x93\x34\x1a\x3e\xd9\xd3\x24\x6f\xca"
	"\x24\xdf\xc7\x01\xf5\x66\x73\xbb\x5d\x87\x38\xa0\xda\xcc\x97\x35"
	"\x4a\x96\x1f\xfd\xb6\xae\xbd\xf4\xcd\xad\x8f\xae\xe2\x3c\x83\x26"
	"\x03\x01\x50\x4e\x49\x84\xb7\x9f\x82\x9b\x7b\x86\xd3\x23\xc9\x12"
	"\x7c\xd5\x47\xc5\x66\xb9\x09\x02\x2f\xbd\xa2\x9b\xc5\xc2\x5f\xc3"
	"\xcd\xc6\x4f\x5f\xdf\x0e\xe9\xd7\x1d\xab\x66\xea\xf3\x59\x1c\x8f"
	"\x16\x89\x9c\xe1\x58\x8d\xfa\x8a\xa9\x3e\x93\x7b\x14\x92\xc8\x69"
	"\xcf\xaa\xc5\x7c\xb1\xa0\x38\xa6\xae\x50\x5a\x4a\x4a\x29\x74\x24"
	"\x93\xf4\xc5\x7c\x87\x63\x38\x2d\x59\xe2\x25\xe7\xa0\xff\x7f\x07"
	"\xa2\x5a\xf8\x41\x82\xa5\x1c\x45\xe8\x0c\xc4\x04\x6f\xc9\x9d\xf7"
	"\x71\x08\xec\x51\xb1\x83\x87\x9e\x31\x10\x07\x51\x7a\x4e\x0f\xde"
	"\x6e\x0a\xc9\x80\x70\x62\xc5\x16\xf3\xba\x40\xec\x5f\x4a\x02\x51"
	"\x10\x28\xfe\xf2\x13\xaf\x98\x10\x0c\xa5\xd7\x3c\xe1\x99\xe4\xb6"
	"\x92\xcb\x04\x25\xfc\xed\xfb\x92\x07\xb1\xd9\x6e\x57\xa9\x6b\xfb"
	"\x2e\x0a\x43\x63\x2b\x7f\x40\xae\x28\x3b\x26\x3f\x14\xca\x73\x53"
	"\x42\xec\x10\xc4\x50\x8c\xba\xb1\x02\x31\x2d\x4c\x77\x40\x55\x02"
	"\x7e\x2d\x76\x24\x5c\x59\x9c\x5b\xa8\xca\x7e\x73\xde\x3a\x72\x19"
	"\xb5\xa8\x43\x88\x5d\xa4\x2c\x89\xaa\xca\x5a\x8a\x22\x71\xc6\xba"
	"\x17\xc9\x9e\x76\xe7\x3b\x38\x8f\x7f\x78\x7d\x7a\x78\x9c\xc1\x19"
	"\xb5\x3b\xe8\xc1\x33\x8f\x8f\x0f\x72\xeb\x86\x0b\x6f\xa0\x74\x66"
	"\xa8\xe4\xe1\xf2\x03\x7c\xba\x47\x27\x56\x50\x6b\x29\xdb\x38\x65"
	"\xcc\x64\x19\x2b\x00\x89\x92\x8a\xa2\xea\xb0\x03\x39\x63\x52\x09"
	"\x90\x0b\xb6\x83\xf0\x16\x28\xbd\xac\x92\xcd\x02\x51\xf6\xf5\x74"
	"\x5c\x1b\x27\x25\xcd\xdb\x4d\xed\x32\x14\x02\xaa\xfc\x93\x99\x76"
	"\xf8\x5d\x47\x61\xf3\x59\xdc\xd6\x18\x61\xdb\x2c\x6e\x37\x64\x4c"
	"\xa5\x11\x55\x72\xce\x70\x80\x5a\x5a\xc3\x9c\xb7\x0b\x26\x22\xa3"
	"\xa9\xeb\xe1\xfd\x51\x8e\x22\xef\x10\x68\x67\xbb\x5a\xd2\x90\xfb"
	"\x41\x51\xba\x5d\x23\x1a\xe0\x0e\x22\xca\xed\xed\x7c\x3e\x05\xd9"
	"\x4c\x41\x24\x0b\xb9\x5d\x21\x17\x33\x26\x68\x3b\x05\xda\x25\xeb"
	"\x60\x4e\xbc\x90\x0c\x36\x96\x8d\xbf\x41\xb0\x7f\x85\x5e\x44\x4a"
	"\xc5\xed\x66\x39\xf7\x7c\xa8\x12\x82\xa6\xab\x9c\x91\xd8\x87\x16"
	"\xc7\x10\x8b\xf3\xda\xc1\xfe\x20\xc7\xd2\x33\xef\x55\x4d\xf5\x26"
	"\x58\x2e\xe6\x8d\x6f\xfd\xa8\xf4\x21\x24\x49\x39\xf1\x34\xf8\x4e"
	"\xee\x22\xe7\x33\xc9\x5c\xcd\x95\x7b\xf6\x6a\x51\x2f\x90\xa7\x79"
	"\xb1\x67\x2a\x6e\x98\xad\xe2\xe6\xac\x2c\x49\x93\x79\xba\x78\x4a"
	"\xd6\x13\x53\x83\xee\xb7\xc1\xdc\x35\xcc\x67\xcb\x6d\xba\x33\x2a"
	"\x6f\xce\x91\x25\xd9\x03\x4a\x1e\x78\xb2\x08\x8e\x65\x51\x2a\x37"
	"\x42\xe7\xdb\x2c\x18\x32\x8e\x36\x26\x45\xb4\x1e\x26\xaa\x13\x0e"
	"\x27\x81\x94\x0b\x9a\x4f\xa2\x94\xdc\xf4\x2e\x54\x29\xf8\x34\xb0"
	"\x95\x81\xa6\x71\x2c\xe2\xe4\x3d\x03\x57\x92\xa1\x49\xb4\x1b\xa6"
	"\x05\x92\x69\x9c\xe0\x93\x18\x44\x9b\x68\x42\xaa\xe9\x5a\xfe\xb8"
	"\x8f\x10\x45\x98\x89\x52\x47\x11\x96\x65\x7e\xee\xa2\x57\xfd\x79"
	"\xa0\xd2\xd0\x37\x2a\xdf\x54\x82\xb9\xf3\x13\x98\xa4\xfe\x36\xce"
	"\xad\xf4\xfb\xec\xed\xbb\x44\x3f\xce\xde\xbe\x74\x28\xc7\x71\xe9"
	"\x8c\xe8\x51\x4e\x69\x2d\xdf\xbf\xc4\x74\x1d\xa0\x37\xe0\xb8\x9f"
	"\xa8\xcb\x34\xdd\xb8\x6f\x8b\x1c\x0a\xaf\x6f\x3f\x7e\xbe\xa1\xda"
	"\x6b\x9e\x15\x47\x2b\xe5\x85\xfc\x09\x67\x45\x3b\x32\x8a\x2a\x8d"
	"\x63\xb0\x1b\x48\xb0\xe4\xb0\x1a\x04\x0e\x35\x98\x03\x8f\x46\xe8"
	"\xf4\x6f\x07\xcc\xba\x4e\x83\x52\x02\x19\x31\x87\xa0\xab\xad\xe9"
	"\xf3\xe5\xdb\xc3\xec\xe9\x9b\x94\x6e\xfe\xba\x0c\xae\x69\xdb\xe7"
	"\x73\x48\x52\xeb\x6d\xc7\xa7\xfc\xde\x1d\xeb\x4f\x93\xd9\x69\x60"
	"\xd8\xd0\x15\x0f\x12\x32\x19\x63\x8c\xb9\x01\xe8\x27\x0f\xec\x3e"
	"\xcc\x49\x69\x19\xfe\x74\x65\x92\xe5\xb9\x45\x2e\x03\x50\xac\x56"
	"\x9b\xcd\x7b\x40\x5b\x47\x9f\x7a\x48\x75\x08\xdd\x4d\xb8\x93\xbb"
	"\x2d\x72\xc7\x6a\x60\x82\xc5\x7a\x02\x13\xb5\xfe\x64\xe5\x7a\xb3"
	"\xf2\x23\x93\xc3\x01\xb1\x08\xb8\x42\x50\xf5\x8c\x85\x50\xb3\x8e"
	"\x4d\x54\x55\x51\xb2\xbe\x59\xac\x27\x41\x9b\x9b\xc5\xc4\x30\xeb"
	"\xc9\x39\xd1\xb7\x74\xb3\x0c\x96\xd3\x98\xe5\x72\xea\x5d\xf5\xed"
	"\x72\xb5\x9d\x00\x51\x31\x01\x28\xca\x45\xb0\xf0\x63\x32\x76\xae"
	"\xb0\xc4\xb2\x1d\x06\x5c\x0d\x41\x6d\x3d\xf1\x3a\x41\x52\x71\x44"
	"\xb4\x6f\x3d\xa8\xca\xcf\xe4\x8c\x98\x1c\xf5\xa8\x63\x36\x39\x49"
	"\x72\xc9\x26\x6e\x26\xbe\x6b\x1a\x34\x55\x7e\xa4\xfb\x81\xf3\xe6"
	"\x18\x59\x57\x93\xef\xa3\xa4\x58\x2c\xea\x89\x09\x10\x3a\xdd\xec"
	"\x0c\xee\x64\x68\x3a\xe1\x67\x53\x88\xc0\x51\xd4\x90\xc4\xf4\x5d"
	"\xec\xcb\xc3\xfb\xc8\x55\x9c\xe4\x3b\x2e\xff\x35\x8f\xc9\x3d\x51"
	"\x1e\x3c\x49\x01\xe7\x78\x2f\x51\x0a\xf0\x5a\xed\x3a\x82\xd0\xfb"
	"\xc2\x36\x42\xeb\x49\x2a\x2e\xb1\x32\x60\xb0\xb3\x9c\x77\x74\x96"
	"\xc0\xa6\x8c\x19\x90\xf6\x8d\x60\x20\x3b\x71\x3a\x01\xd3\x9f\xd2"
	"\xe9\x9a\xd9\x83\xe2\x9c\x82\x00\x63\x7a\x92\x1b\x2f\x4a\x87\xaa"
	"\x65\x45\x12\xac\xe4\x24\xf1\xbc\x9d\x14\x45\xc2\xd4\xeb\x3d\x20"
	"\xf9\xed\x57\xdb\xdb\x1b\x0f\x82\xde\x93\x82\x78\xe8\x30\x5c\xa8"
	"\xad\x80\x86\x9c\x44\x5d\xd7\xc4\x57\x09\xae\xdb\xd6\x7d\xbd\x7e"
	"\x70\xff\x8b\x7a\x1c\x76\xd6\xba\x6e\xa8\x10\xe3\xf5\xe0\x81\xa8"
	"\x38\x55\x95\x0f\x00\x23\x2b\x68\xc9\x10\x47\xd9\x76\xfd\x0c\x52"
	"\xea\xf6\x3a\xb0\x94\xdf\xb8\x2d\x40\xf6\x97\x97\x07\xe5\xca\xc6"
	"\x3f\xe6\xb3\xee\xe2\xf7\x6a\xa0\x51\x9a\x86\x92\xea\x27\xfc\x3d"
	"\x74\xe0\xd4\x04\x70\xe8\x3b\xa4\x98\xa9\x07\x20\x0a\x0a\x4b\xd0"
	"\xa5\xcd\x51\xe4\x84\x87\x7a\xad\x0f\x1e\x2b\xc9\xd9\x53\x69\x6b"
	"\x20\x32\xa8\x78\xf8\x66\x11\xa4\x03\x83\x81\x61\x35\x25\x9d\xa8"
	"\x83\x14\xa1\x1f\xa0\x77\x5c\x81\x29\x69\x18\x16\x7f\x64\x47\x52"
	"\xe6\xb4\x60\xa2\x5f\x2e\x2f\x97\xcf\xa0\xaa\xea\xcd\xee\x3a\xd5"
	"\xa3\xad\x25\x3b\x55\x48\xc2\xd2\xed\xa6\x29\x2a\xd3\x9f\x57\x1b"
	"\x2d\xa1\x85\x9d\x11\xe4\xda\xee\x1c\x49\x20\x64\x94\x76\x94\x2c"
	"\x91\x90\x35\xf9\x1f\x39\xf2\xf5\xb3\x66\x27\x52\x2c\x75\x2f\x05"
	"\x0f\x65\xa7\x23\x6a\xa2\x72\xb6\x81\xbb\x20\x78\x49\x5a\x7e\x9c"
	"\xda\x4e\xb7\xf5\xc7\x78\x79\xba\x3c\x1b\x07\x0d\xbb\xd9\xca\x96"
	"\x98\x0e\x92\xba\x6b\xd2\x26\xb0\x15\x6e\xda\xac\xf2\xfb\xb7\x0f"
	"\x8a\xf0\xaa\xeb\x55\xba\x44\xc7\x35\x78\x5b\x07\x4c\xfa\xa6\x48"
	"\xe6\x8b\x39\x32\xad\x4d\xcc\xc2\x5e\x4b\x16\xa9\x69\xef\x72\x1d"
	"\xed\xec\xba\xa0\xdc\x66\x41\x55\x0e\x2a\x19\x74\x1e\x12\xe5\x31"
	"\xb8\x5c\xcc\xe7\xd3\x90\xda\x07\x39\x92\xb2\x1a\x26\x90\xb2\x11"
	"\xf6\x45\xbd\x51\xe8\xe9\xcc\x27\x64\x26\xb4\x64\x41\x69\x86\x68"
	"\xdb\xaf\x88\xc5\x9a\x8b\xdb\xda\xdb\x76\xb9\xd1\xa0\x2e\x46\xdd"
	"\xd0\x6b\xbe\xf1\xa9\x22\x90\x51\xb6\x7a\x07\x74\x0a\xc6\xe3\x7a"
	"\x5d\xaf\xbd\xc3\xde\xaa\xfb\x0b\x31\x59\x19\x41\xf2\x66\xb5\xe4"
	"\xb2\x08\x7c\xe4\x58\x24\x4d\x52\x4c\xbd\x43\xfe\x62\xb5\x14\x3f"
	"\xe4\xa1\x64\xc7\xa9\x5c\x65\xa5\x0f\x0d\x46\x49\x21\xa2\xca\x93"
	"\xec\x08\xc2\x60\x65\x95\x7b\x93\xdb\x9f\x28\x44\xcc\x43\xcc\x27"
	"\x52\xde\xec\x25\x63\x49\xdc\x7e\xe5\x67\xc9\xff\xb3\xc8\xf6\x76"
	"\xbb\x16\xaa\xa8\xe6\x92\xaf\xba\xed\xd9\x7b\x18\x57\x26\x61\x65"
	"\xb6\x0b\xe6\x73\x23\xab\xfa\x95\x4e\xc9\x89\x9b\x31\x56\x7a\x8a"
	"\x9c\x49\x21\x25\x92\x51\x65\x56\x10\x41\x10\x77\xf8\x40\x33\xa6"
	"\x5d\x41\xb5\x99\xd0\x67\x07\xeb\x36\xac\xe0\xce\x3e\x27\xed\x8a"
	"\xca\x3f\x45\x8a\xf8\x67\x9f\x86\x5b\x85\x79\x97\x94\xdc\x87\xce"
	"\xa0\x10\xdd\x68\x95\x47\x51\xa9\x94\xf1\xad\x97\x7a\x17\xed\x56"
	"\xca\x39\x63\x0d\x48\x60\x86\x1a\x0f\x68\xa3\xe4\x77\x48\x95\x6a"
	"\x9d\xfe\x25\x61\x9c\xe1\xc9\x24\xee\xe5\x53\x03\x8d\x81\x2c\x4e"
	"\x8f\xee\xd5\x09\xb4\xd6\xa1\x1f\x38\x3f\x8a\x51\x72\xea\x58\xdf"
	"\x20\x3b\x42\x9e\xff\xfe\xfe\xf2\xf4\xf6\xe5\xab\xad\xfe\x90\xcf"
	"\x40\x62\xed\x10\xcb\x71\xde\xd2\x0b\x1a\x4f\xd0\x89\xf3\xad\x57"
	"\x39\x0a\x2c\x47\x07\x36\xa8\x05\x9d\xc9\xe6\xca\xf2\x2f\x60\x39"
	"\x0a\xbe\x83\x2f\xdf\x9f\x9f\x61\x6e\x8c\xb5\x63\xfa\x3d\x7c\xb1"
	"\x5a\xae\x3c\xed\x90\xf4\xf5\xd2\x4f\xaf\x3d\xf4\x34\xba\x45\x1c"
	"\x07\x5b\xf2\x66\xb1\x58\xa0\x74\xbe\x99\x7b\x88\x02\x39\x01\x00"
	"\xb1\xe0\xbc\xbe\x41\xa9\x72\x66\x95\x94\x05\xf8\x27\xe7\x62\xb5"
	"\xda\xae\x7c\xf4\xf5\x72\xee\x23\x6f\xd7\xf8\xa4\x3b\x21\xc6\x7d"
	"\x2d\xad\xb0\x7d\xae\xfb\x65\xf3\xeb\xf5\xed\xf1\xeb\xec\x4f\x70"
	"\xad\x6f\x1d\x6c\x7f\xfb\x2a\x3f\xf3\xf3\xaf\xd9\xe3\xd7\x3f\x1f"
	"\x1f\xe0\x02\xf2\x63\x8b\xfa\x20\x65\x0b\xf0\xbc\xfd\x7d\xf8\xc1"
	"\x5b\x27\x30\xf4\xfd\x14\xec\x6d\xd0\x53\x0b\x20\x22\x06\x61\x5e"
	"\x54\xa4\x0a\x97\xaf\x1c\x8a\x45\xcc\x7e\x01\xc6\x52\x76\xc2\x3f"
	"\x86\xb7\x35\x59\x9e\x92\x88\x1f\x50\x7a\x8e\xeb\x4a\xd4\x34\xa1"
	"\x64\xba\x17\xe5\x61\x59\x7b\xbe\x75\x5a\x21\x66\x73\x40\x6e\xcd"
	"\x85\xf0\xe7\xf5\x3e\x3d\x56\x80\xff\x23\x39\xfa\x37\x29\x15\x4a"
	"\xcc\x47\xbd\xa4\x2f\xed\x65\x32\xb2\x94\x23\x9e\xc3\x89\xf5\x18"
	"\xe0\x8d\x69\xbd\xc8\xe4\xf1\x67\xb7\xc7\x79\x53\x99\x87\x79\x15"
	"\x1f\xff\xf8\xa3\xc9\x05\xc7\x59\x54\x45\x72\xd1\x48\xf9\x18\x07"
	"\xf0\xec\xde\x69\xcb\x9d\xbf\x7d\x91\xdd\xe8\x3b\x66\xcc\xe8\x61"
	"\xa7\x44\x75\x0c\xf1\xa1\x4f\xc8\x89\x79\xe6\x1e\xc4\x17\xc1\xdd"
	"\x76\xae\x10\xe0\xb5\x13\x10\xf7\x56\x27\x0a\x3e\xf4\xb1\x54\x70"
	"\x37\xb4\x0f\x2d\x60\x96\x19\xa7\x8b\x82\xcf\xd2\xcb\x6b\x1b\x02"
	"\xbe\xe3\xdb\x0e\x97\x65\x65\x1d\xad\xe4\x44\xb7\x0c\x05\xe4\x5a"
	"\x1b\x51\xb3\x6c\xc7\x33\x86\xc2\x5a\xd9\xb5\xd9\x0b\xb7\x3f\x68"
	"\x8b\x01\xa9\x44\x41\x86\xbd\xf5\x99\xf8\x19\x1e\xa7\x28\xbd\x67"
	"\x0f\xff\x4f\xd9\xb5\x35\x29\x8e\x2b\xe9\xbf\xc2\x63\xcf\xc3\x9c"
	"\xf1\xdd\x66\x37\xf6\x41\xc8\x06\xd4\xe5\x5b\x59\x06\x5c\xfd\x42"
	"\xd0\xd5\x74\x0f\x71\xaa\x8a\x5a\x8a\x8a\x98\xde\x5f\xbf\x4a\xd9"
	"\x06\x1b\x2b\x65\x4e\x4c\xc4\x14\xed\xfc\x2c\xeb\x7e\x49\x65\x7e"
	"\x89\x42\xd0\xc1\x0f\x42\xd8\x7b\xa2\x2e\x1f\x42\x9e\xd5\x9d\x10"
	"\x95\x8b\xe3\x90\x65\xe1\xd2\x8a\x60\x0e\x90\x20\x6e\x8d\x7d\x50"
	"\x80\x38\x3e\x04\x62\x9d\x30\xf0\x2f\x68\x27\x07\x00\x54\x10\x35"
	"\x0d\x97\x0e\xa6\x8e\x9e\xf8\xdb\x53\xfa\x98\xe4\xdb\xc5\xe3\x4d"
	"\x15\x5d\x7a\x5b\x7e\x3a\x9e\x8f\xcf\xc7\x97\xa6\xdb\x75\x4f\xb4"
	"\xb9\xec\x3f\x37\x9b\x29\x78\x0a\x2e\x97\x33\x19\x9d\x16\xf3\x91"
	"\x92\x05\x8b\x23\xcf\xaa\x0c\xbc\x6a\xd0\x91\xcb\x73\xe4\x64\xbf"
	"\x44\xae\x38\xf3\x5c\x41\x92\x52\xe6\x93\xe7\x97\xe3\xf3\xbf\x55"
	"\xc7\x69\x21\xdc\x9a\x6e\x10\x6c\xe9\x2d\xfd\x49\xf7\xe6\xb1\x36"
	"\xe6\x9c\xc0\x25\x17\x1a\x49\xbc\x73\x05\xb9\xfb\xf1\x43\xb2\xb2"
	"\x88\x09\x5b\x7e\xf8\xe3\x5f\xd7\xca\x14\x58\x5a\x16\x1d\x8e\x3b"
	"\xf1\x40\xec\x49\x7b\xff\x86\x5f\x3d\x76\x42\x39\xed\x34\x6f\xaa"
	"\xcb\x5d\xcb\x60\x0b\xa5\x95\x27\x34\xb7\x6c\x6e\x04\x5a\x10\x67"
	"\x40\xbd\xaf\x87\x54\xa6\x6b\xa8\xac\x7e\x60\x84\xf6\xec\x5e\x9b"
	"\x07\xd2\xeb\x1b\x98\xb2\x1a\xc7\x70\xd7\xb4\x3a\x7e\xd0\x00\x1a"
	"\x16\xf8\x76\xb4\x77\x52\xdc\xf2\x27\xde\xa5\xd8\x92\xcf\x1a\x0e"
	"\xa2\x76\x0a\x4d\x6a\xcf\xfb\xd7\xdd\xfb\xbb\xd8\x0b\xc9\xc4\x14"
	"\xeb\x8a\x7c\xd3\x77\xaa\xda\xa6\x58\xad\x27\xcb\x2f\xea\x3e\x5c"
	"\x1e\x6e\x30\xc2\x69\x29\x9e\x97\xf0\x47\xad\xae\xe9\x66\x5e\xe9"
	"\x88\x51\x03\x0a\x74\xf6\x93\xf2\x65\xbc\x09\x71\x69\x32\x0b\x3c"
	"\xee\x57\x1a\x80\xe8\xfe\xab\x1c\x97\x8b\xd9\xd1\x33\x71\xb1\x68"
	"\x0f\x8a\x5c\x56\x49\x79\x05\xe5\xd3\x88\xd5\xfb\x1e\xd8\xe8\xca"
	"\x52\xef\xff\x79\x17\x83\x4f\xd5\x74\xba\x7b\xd8\x06\x90\x6a\x8a"
	"\x25\xaf\xf3\x10\x95\xd5\x15\x60\x69\x2a\x4e\x6c\x1a\xa7\xae\xad"
	"\x05\xcc\x03\x57\x57\xf5\x65\xce\xa8\x15\x98\x43\x9d\x60\x32\x0f"
	"\x87\xc5\x6f\x4e\x76\x6c\xac\x62\x66\x65\x50\x69\x73\xc5\xb6\x0c"
	"\x4c\xd8\x91\x1b\xd8\x16\x14\xd5\x28\xc4\x63\x55\xa2\x8a\x90\xda"
	"\x96\x59\x29\x57\x95\x91\x4c\x8a\x81\x67\x7a\x8e\xb6\xf6\x6d\x73"
	"\x6a\x56\x63\x0d\xa8\xe9\x99\x09\xb5\xed\x20\xd0\xb4\x70\xce\x78"
	"\xc6\x0b\x4d\xdf\x2c\x88\xe9\xf4\x1d\xaa\x6b\xbb\x07\xb1\x99\xc5"
	"\x8b\xb7\x51\x67\x29\x07\xde\xe5\x2d\x59\xab\x76\x90\xb5\x0c\x38"
	"\x21\x7a\xb7\x1c\x9d\xc7\x2d\x65\x9a\x26\xe9\x1a\x87\x4e\x15\xb7"
	"\x20\xf8\x59\x62\xea\xba\x2e\x38\x2e\xa9\x35\x45\x0c\x41\xbb\xb8"
	"\x7b\xd3\xc3\x27\x84\x2e\x4a\x33\xad\x0c\x61\xf5\xa3\x6c\xae\x3e"
	"\xa5\x34\x98\x22\x92\x24\x6e\xc0\x8d\x8a\x36\x01\x70\x85\xc6\x4f"
	"\xc3\x36\xa8\x9f\x0f\xb7\xf5\x57\x18\x38\x2c\x00\x54\xdd\x9b\x5a"
	"\x8e\xbc\x90\x02\x85\xb0\x58\x4f\x9e\x70\x7a\x43\x3c\x19\x50\x6c"
	"\x81\xd3\x08\xcc\x7c\xd8\x9c\xdc\x24\xbf\x0d\xb9\xe5\x23\x7d\xbf"
	"\x07\xb9\x23\x15\x4b\x0b\x89\xa3\x45\x26\xce\x7f\xb6\x16\xc4\x11"
	"\xaa\xff\xb6\x44\x98\xbc\x7d\x7f\xf6\x68\x81\xcf\x89\x16\x23\xe6"
	"\x03\xd3\x37\x1c\xe3\x1e\x90\xa5\xcd\x8d\x00\x05\x53\x84\x48\xa1"
	"\xc5\xc4\x79\xe0\x5b\xbe\x16\x82\x0e\xc5\xeb\x77\x52\xb2\x18\x69"
	"\x6b\x31\xfa\x6c\x0f\x21\xf3\x6a\x31\x61\x54\x4a\xaa\x1f\x59\x3a"
	"\xc7\x43\x14\x6d\x2d\x5a\xd4\xa5\x63\xba\xd5\x28\xc6\x72\xfd\x51"
	"\x8c\x8f\xe8\x0c\x3b\x18\x57\x54\xa5\xbe\xed\x93\x99\xed\xf8\xda"
	"\x56\x5b\x90\xd5\x22\xaa\x27\x22\x47\xdf\x61\x8b\xd2\x35\x6c\x7d"
	"\xcb\x15\xe5\xd4\x71\xd5\xd9\x5e\x6e\x6e\xbc\xf9\xda\x71\xb9\x8c"
	"\x8a\x84\xf4\x18\xa9\x9b\x47\xd7\x80\xaa\x1c\x7f\x0f\x14\x5b\xe2"
	"\xd3\x29\x5c\x78\x36\x13\x95\x68\xb3\x98\x88\xee\xd8\xa1\xfc\x6c"
	"\xc1\x7d\x3e\xa3\xf6\xe9\xa6\x60\xf2\xca\x1e\x3c\xc7\x72\xdd\xb7"
	"\x5a\xd6\xe4\x45\x06\x9e\xe3\x51\xbe\xdd\x30\x1e\xa9\x52\xec\x02"
	"\xe7\x84\x15\x10\x5a\x07\x39\x81\xab\x5e\x91\x04\xb2\x3c\x27\xf4"
	"\xfe\x57\x9a\x25\x30\x16\x07\x2e\x82\x71\x76\xb6\xef\xe1\xb9\x52"
	"\x00\xbb\xe5\x54\x88\x41\x39\x21\xff\xa7\xaa\x86\xff\xa0\x2c\xff"
	"\x69\x19\xa2\x64\x15\x4b\x4f\x24\xb5\x0f\x52\x56\xb0\xc7\x16\x3b"
	"\xd8\x63\x10\x2a\xf6\x50\x2c\x2d\x6d\x47\x9c\xb6\x40\x51\xf6\xda"
	"\xbb\x72\x56\x2e\x2d\x8a\xb4\x2e\x16\xb0\x40\xf5\x9e\x75\x42\xfa"
	"\xb6\x4f\x06\xa4\x76\x17\x41\x9a\x6d\xc8\x53\xb6\x2a\x35\xc9\x35"
	"\xb7\x68\xf2\x7e\x67\x1b\xa5\xd0\x3f\x43\xc5\x27\xda\x23\x9b\xcc"
	"\xf7\x06\x62\xd4\xff\x38\xfe\xd2\x90\xf1\xf1\x6c\x5e\x5e\xde\xc6"
	"\xb7\x67\x5a\x44\x73\xef\xa9\xc2\x5c\xfd\x14\xa7\x1e\x38\x32\x6e"
	"\xc2\xde\xae\xeb\x1b\x63\x05\x78\xc7\x6b\x93\x97\x17\xe3\x79\x60"
	"\xb8\x77\xc0\x66\x9c\xe8\x51\x2d\x23\x9b\x16\x14\x6e\xf4\x72\x60"
	"\x7e\x01\x25\x9e\x3e\x3f\xe2\x0c\xee\x9b\x86\x09\x65\x56\xeb\x3a"
	"\x3d\x71\x26\x8a\xf8\x0c\x05\x88\x5a\xb3\xed\xa9\x81\xca\x93\x28"
	"\xdd\x12\x6b\xf0\x81\xf6\xec\xf2\xe7\xf7\xdd\x87\x38\x93\x5f\x3a"
	"\x01\x90\x97\xf4\xda\x1e\x2c\x76\xa8\xb6\x0c\x22\xe5\x9b\x4b\x84"
	"\x76\x53\x3e\x9a\xb8\xc0\xa8\x13\xef\xf7\xcc\xfc\xb4\x3f\x1f\x5e"
	"\xf7\xc7\xcf\xf3\x64\x71\x14\x9d\xf3\xed\xd8\x55\x8a\x5d\xba\x75"
	"\x5e\x44\xa0\x07\x12\x43\x04\x66\x06\x45\xbf\xef\x00\xba\xd3\x60"
	"\x5a\x93\x9d\x0d\x47\x1c\x82\xcf\x49\xca\xa8\x6e\x14\xf6\x33\x72"
	"\x57\xfa\xba\x74\x39\x78\x8f\x65\x9c\xb3\xd9\x8d\x3d\x05\x9f\xa9"
	"\x87\x11\x51\xc2\x41\x30\x3c\xd8\x7e\xbe\x9c\x0f\x3f\x3f\xdf\x9e"
	"\x25\x1f\xb1\x86\xc6\x74\x1e\x42\xa0\x8f\x40\x2c\xd5\x88\x5d\x1d"
	"\x00\xb8\xed\x23\xb7\x86\xad\x18\xd1\xeb\xe6\x89\x9c\x32\x73\xd7"
	"\x45\x28\xb1\xe4\xfb\xa4\xb4\x02\xdf\xc0\xef\x0e\x24\x08\xdc\x5a"
	"\xb6\xf3\x38\xaa\x30\xaf\x95\x2b\x6a\x19\x53\xc4\xb8\x1c\x30\xd2"
	"\x54\xd1\xc0\x58\x6a\x01\x10\x4e\x5d\xdf\x4c\x36\x6b\xfc\x33\x55"
	"\x6e\x19\x15\x6e\x44\x28\x20\xe0\x3a\xbb\x8d\x70\x79\x02\xb7\xf4"
	"\x04\xaf\xb4\x90\x88\x9d\x31\x9e\x47\x10\xbb\x16\xaa\x8d\xef\x40"
	"\x74\x99\x94\x10\x57\x2b\xf6\x2c\xbd\xd8\xd6\x89\x31\xbf\x47\x29"
	"\x8e\x53\x3c\xe9\x84\x9a\x36\x2c\x19\xba\xf2\xb5\x18\x5d\x01\x97"
	"\xcc\x73\xc4\x24\x09\x35\xaa\xde\x88\x96\x70\x4b\xc7\x19\xb5\x51"
	"\xb1\x48\x3e\x8f\xd5\x7a\xbf\x38\x17\x62\xe4\x52\x1c\x64\xd8\x85"
	"\x39\xe4\xec\x2b\x49\xbf\x6d\xa9\x38\x24\x63\x06\xab\x02\xf3\x10"
	"\x25\xd8\xa7\x41\x1c\x04\x79\x82\xb9\x2f\x5e\xe5\xae\x5e\xee\x19"
	"\x95\xa6\x8f\x8a\x63\x8e\xeb\xfb\x3a\x80\xef\x7b\x9a\xa1\x5d\x03"
	"\x02\x6f\x04\x30\xb5\xf5\x80\xc0\xd1\x02\xc4\xc9\xc7\xd7\xcb\x2d"
	"\x57\x2f\x9f\x8e\xbc\x3f\x0d\x70\x79\xe9\xd9\xba\xd7\xa3\x74\x6e"
	"\x99\xb3\x44\xdd\xff\xa2\x6f\x40\xd0\x85\xb1\x6e\xc3\x34\xa2\x95"
	"\xae\x59\x1e\x15\xd2\x78\x07\x85\x88\xa5\x68\x85\x0a\x73\x3a\x77"
	"\xc5\x10\xc6\x2b\x57\xa1\x78\xec\xcb\xf1\x63\xa0\x14\x53\xb7\x74"
	"\x03\x8d\xfc\x21\x30\xf0\x9a\x2d\x52\xb7\xf4\x4c\x5c\xce\x23\xaa"
	"\x5f\x33\x38\x73\x7c\xaf\x1a\xc1\x24\xae\x81\x2f\x6d\xfc\xe1\x29"
	"\x10\x43\xc0\xd2\xbc\x8e\xd8\x65\x93\x59\xe5\x1a\x23\x6b\x1a\x2f"
	"\x93\x5c\xc9\x51\x0f\x32\xa9\x4c\xeb\x99\xeb\x8b\xa7\x25\xdb\x12"
	"\xb1\x2f\x74\xab\x6d\xc9\x29\xd1\x2c\x72\x71\x6e\x4f\x35\x83\x06"
	"\xb4\x2a\x01\x5e\xb3\xe2\x33\x71\xa2\xe9\x36\x24\x4e\x10\xaf\xc4"
	"\x32\xe7\x9e\x69\x20\x5a\x0f\x10\xba\x37\x37\x34\x37\x42\x1f\xef"
	"\x6b\x35\x40\x33\x97\xd4\x80\xa9\xa1\x07\x58\xa6\xaf\x2d\xb7\xa8"
	"\x19\xcd\xba\xdb\x20\x5c\xcf\x1d\xfb\x4a\xa0\x07\x04\xde\x48\x49"
	"\xa7\xa6\x31\x06\xd0\x2f\xee\x17\x90\x6e\x11\x15\x20\xb1\x84\xd8"
	"\xea\x11\x50\x6e\x62\xc7\xb0\x35\x9d\x58\x00\x3c\xc3\x19\xe9\xe5"
	"\x9b\xd8\xb4\x7c\x5b\x8f\x89\x13\xdb\xd5\xcc\x23\x25\xb5\xdd\x60"
	"\x8a\x57\xd8\xba\x0a\x34\xdb\x18\x52\xb0\x6f\x59\x4a\xb4\x95\xd5"
	"\x62\x74\x75\xb5\x49\x02\x47\xb3\xdc\x0a\xb1\x6d\xea\xb7\x23\x0d"
	"\x64\xe4\x23\xb6\x6b\x8c\xa5\x32\x9d\x3a\xf8\xb4\x99\x2d\x13\xb1"
	"\x87\xf5\x4d\x35\x6b\x44\x11\x2d\x40\x5b\xd2\xa7\x3d\xbf\x3c\x44"
	"\x2d\x6a\xae\x88\x9a\x57\x67\x9d\xc5\x10\x09\x47\x9d\xc8\x9a\x15"
	"\xe5\xaa\x36\x43\xe6\xab\x04\xd1\xbc\x5e\xe1\xa0\x16\x92\x5a\xa1"
	"\x7b\x5f\x10\x3b\x97\x05\x36\x80\xae\x28\x38\xd7\x04\xc8\x40\xed"
	"\xa0\x42\xd7\x46\x96\xf7\x0e\x28\x15\x7f\xf2\x11\x90\xd8\xf0\x5a"
	"\xc8\xa0\xbd\x01\x99\x23\xa0\x39\x49\x5d\xdb\x75\xc7\xb2\x8e\x2a"
	"\xbe\xaf\x10\xc6\xe3\xa9\x6d\xb8\xe3\x28\xcf\xf2\x4d\x32\x02\x83"
	"\x45\xc5\x37\xef\x01\x59\xa3\xa0\xc0\xb7\xaa\x3b\x40\xa3\x75\x10"
	"\xd7\x73\xc3\x1d\x28\xcf\xf7\x46\x50\xb0\xdf\x75\x83\x3b\x50\x81"
	"\xe7\x4c\xef\x41\x79\xc6\x1d\x28\xec\xce\xef\x06\xe5\xdb\x63\x28"
	"\xb1\x11\x1d\xed\x59\xf9\x7c\xf5\x2d\xc2\x3c\x48\x3a\xb0\x75\x10"
	"\x18\xde\x5d\xa8\xe0\x2e\xd4\x74\x0c\xc5\xc5\x46\xcb\xf0\xc6\x7a"
	"\xa0\x58\xae\x5c\xd3\xb3\xad\x71\x98\x67\xd9\xa3\xf9\xaf\x37\x0c"
	"\x96\x7d\x17\xcc\xaf\xee\x81\x99\x77\xe5\xcd\xb5\x9c\xb1\xd4\xd6"
	"\xa8\x25\x52\xa1\xdb\xf5\x02\x21\x46\x1b\x89\x71\xa0\x14\x5a\x9c"
	"\x76\xef\x7f\x1f\x9e\x3f\x54\x66\x5a\xeb\x05\x41\x23\x84\x85\x88"
	"\xb1\xae\x78\xbe\x0d\xf3\x2d\x8d\xa8\x4a\xad\x3e\xf9\x42\x3e\x7f"
	"\x1c\x8e\x13\x7a\xcc\x5b\x1e\xe4\x3f\xc0\xd4\xf2\xe7\xe1\xd7\xe7"
	"\xa9\x8d\x21\x5d\x83\x93\x70\x12\x1f\xbe\x9f\x76\xa7\xdf\x93\xd3"
	"\xf1\xf3\x7c\x78\xdb\x5f\xec\x30\xe6\xa7\xdd\xeb\x7e\xf2\xfd\xf3"
	"\xe7\x4f\xb0\xce\x1c\x7a\x5c\xcc\x67\xc8\x3d\x15\x7d\x90\x66\xb7"
	"\xdb\x98\x86\xaa\x0a\xe9\x28\xc1\x57\xe9\x30\x9c\xcd\x92\x85\x43"
	"\xbf\x09\xf1\xb0\xe7\xab\xc2\xc2\xeb\xc5\x6b\x59\x44\xe9\xa2\x54"
	"\x11\xfb\x0a\x58\x41\x7a\x11\xa4\x57\x90\xba\x12\x78\x6b\x61\xc5"
	"\xdf\xf7\xcf\xe0\xab\x06\x2f\x28\xb4\x77\xf0\x06\x71\x50\x27\x63"
	"\x29\xa6\x74\x85\x3b\xef\xd6\x88\x02\xf1\xd8\x90\x52\xf0\xfe\xd5"
	"\x4b\x59\x81\xcb\x31\x66\x2c\x29\x5c\x01\xdf\x0a\x2a\x9e\x45\xf1"
	"\x03\x12\x45\xaf\x16\x8b\x15\x79\x8b\x98\x22\x00\x80\x2e\xa3\x02"
	"\xb9\xff\xaf\xc5\x4c\xfc\x4b\x23\xcf\x0a\x4e\x34\x45\xa3\xd9\x6a"
	"\x41\x34\x62\x39\x14\x71\x71\x2e\x76\x01\x16\x2e\xae\xdd\xce\x51"
	"\xb9\xe8\x51\x8b\x2c\x2d\x18\xc7\x9b\x26\x4a\xb8\xae\x76\x22\x8c"
	"\xf4\xb6\x16\x46\x98\x96\xb5\x16\x67\xb8\xec\x1b\xc6\x37\x50\x77"
	"\xef\x64\xc6\x10\x6d\x85\x94\xcf\x0b\xfc\xb3\xcb\x0c\x25\xe7\x91"
	"\xef\x66\xd9\x22\x8e\x20\xb0\x30\xb6\x81\x94\xa8\xd2\x0b\x6c\x5c"
	"\x2c\x32\xaf\x1f\x2d\x0f\x4f\x78\x95\xaf\x28\x70\x11\x50\x54\xbe"
	"\x21\x31\xb6\x8b\x94\x59\x7b\x2a\xf0\x5b\x4c\x00\x00\x5f\x27\xfe"
	"\xf5\x1b\x87\xce\x9e\xec\x2b\x99\x15\x78\x67\x2c\x37\x2c\x5d\x6a"
	"\xba\xc3\x43\x94\x82\xc5\x6a\xa9\xc9\x5a\x4c\x71\x73\x1a\x29\x8f"
	"\x42\x8d\x2c\xcd\xd6\x78\x8f\x82\x3a\xd5\x4e\x71\x09\x11\x95\x2e"
	"\x1d\xf7\x35\x90\xa7\x41\x24\xb6\x1e\xa0\x88\xea\x21\x85\xa7\x20"
	"\xc9\x30\xb3\x79\x89\x23\x32\xa0\xb7\xd2\x74\x7e\xc9\xae\xa8\xef"
	"\x5d\x69\xc9\x34\xb2\x02\x89\xb2\x01\x52\xb1\xbc\x69\xc6\x46\x4e"
	"\x52\xb8\xb4\x8e\x33\xcd\xd8\xcb\xa3\x54\x86\xcf\xd5\x00\x4a\x12"
	"\x3f\xa5\xf8\x5a\x91\x83\xab\x29\xd5\x7c\x01\x18\x31\x8a\x2c\x65"
	"\x14\x9f\xd9\xf2\x02\x0d\xe8\x5c\xb7\x93\x48\x40\x33\x08\x8a\x8c"
	"\x52\x82\x17\x41\xcc\xe8\xba\x6a\xd2\xb1\xb8\x48\xb9\x6e\xc1\xe0"
	"\x79\x14\x85\x28\xcd\x98\x44\xa0\x2c\xe4\x8d\x34\x8a\xc1\x23\x37"
	"\xc2\x6b\x47\xe4\x0e\xf8\xff\xf0\xe2\x27\x78\xff\x59\x00\xc5\x04"
	"\xe1\x9a\x45\x89\x27\xa4\x28\xbf\x66\x4f\xda\x4f\x94\x4c\x33\x56"
	"\xc5\xf4\xc6\x23\xcd\x50\x2f\x97\x62\x1e\x49\x34\x62\x70\x63\xad"
	"\x1d\x77\xf0\x59\x16\xb6\x53\xdb\x9c\xdb\x9a\x79\x56\xb7\x7a\x6d"
	"\x18\x4b\x32\xcd\x5c\x59\x31\x31\x0e\x50\xe9\xb7\xa8\xc8\xb4\xf5"
	"\x03\x8c\x6d\x62\xaa\xc0\x67\x92\x3a\x38\xca\x76\x89\x78\x5a\xc9"
	"\x9d\x51\xac\xf0\xb2\x00\x6b\x58\xe5\xb6\x14\xf8\xdd\x60\x6b\xfa"
	"\x7a\x3b\x1a\x43\x84\x13\x51\x48\x6b\x57\x93\x5e\xba\xb3\xa3\x40"
	"\x5e\x7c\x54\x14\xbb\x4d\x49\x86\x8a\x30\x05\x81\x6c\x30\x05\x5f"
	"\x5d\x68\x7b\xd9\xee\x7b\x04\xa3\xb9\xcc\x96\x94\x6d\x63\x56\x96"
	"\x62\x51\x8f\x52\xb1\x99\xea\x70\x2a\x4a\x0e\xc7\x4b\xbc\xf9\x2e"
	"\x93\x6b\x96\x88\x79\xb8\x4f\x6c\x2a\x23\x26\x2f\x09\xdf\x2e\x69"
	"\xd8\x43\xf7\x61\x39\xed\x39\x5c\xc9\x37\xd3\x54\xcc\x88\x34\x02"
	"\xa6\xa8\x86\xad\x9d\x2b\xa3\x67\xed\x5f\x5e\x76\x6f\x7b\x08\x42"
	"\x0d\xb5\x79\xbc\x44\x39\xef\xa5\xd6\xda\x1a\xe4\x40\x82\xc8\x71"
	"\xe6\xc9\xf0\x29\x25\x70\x05\x9c\xb0\x34\x2b\x70\x82\xcd\xac\x5c"
	"\x6c\x37\x4b\x06\xe4\x41\x9a\xc4\x00\x35\x8b\xe5\x69\x88\x97\xb7"
	"\x9d\xae\x4b\x33\x1b\x85\xfc\xc2\x96\x0e\xf6\x1b\x50\xb5\xbd\xfa"
	"\xa9\xeb\xb5\x97\xf8\x46\x56\xf9\x8c\xcc\xd5\x9d\x15\x7c\xa2\xf5"
	"\xbe\x75\xf2\x7d\xcf\xaf\x0c\x03\x1a\x07\xc9\x5a\x05\x1d\x01\xda"
	"\xee\xe6\xeb\xf2\x79\x38\x5b\x50\x65\xa8\xc3\x0b\x02\xda\xf5\x75"
	"\xf8\xb4\xf5\x02\xe9\x89\x22\xe4\x53\xf2\x79\x01\xd6\x57\xa2\x06"
	"\xb7\x25\x5e\xdd\x12\x58\x02\x93\xeb\x86\x8b\x03\x08\x56\xa4\x48"
	"\x99\xb1\xf6\xeb\xdd\xcc\xf5\x1b\xb3\x5a\x59\xa6\xb1\xcc\x6f\x2b"
	"\xab\x07\x62\x3c\x37\x4d\xaf\xd2\x62\xe6\xa2\x5b\x88\x94\xb4\x18"
	"\xf0\x0c\x80\xcb\x73\xbc\x61\xb2\x6b\x6d\x29\x9e\x0e\xcb\x97\x8d"
	"\x95\x6f\xd5\x00\xf0\xd0\x64\x31\xf0\xc5\xeb\x10\x45\x40\x3c\xcf"
	"\x9d\xfa\x5a\x10\xe4\x41\xda\x80\xdf\x1a\xa9\x5f\xfa\x6e\x63\x34"
	"\x47\x5f\x76\x1f\x1f\x43\x06\x1a\x39\x37\xd0\x9b\xbe\x23\x59\x32"
	"\xa2\xa2\xff\x70\x13\x0e\x0a\x59\x26\x43\x75\x49\x2a\x16\xa4\xff"
	"\x9a\xc8\x12\x96\x59\x01\x11\xe6\x7f\xec\xdf\xf7\x6f\x3f\x3e\x26"
	"\xc7\xb7\x3a\x7c\xcf\xf7\xcf\xf3\xe4\x1a\xbe\x68\xf2\xba\xfb\xdd"
	"\x6a\x48\x76\x2f\x1f\xc7\xc9\xf7\x7d\xc3\x89\xfd\xdf\xd2\x47\xae"
	"\x9b\xd2\x72\xff\xf2\x2e\x99\xb2\x5f\x8f\xa7\xfd\xe4\xf0\xf6\xf3"
	"\xd8\x2f\x48\x83\x1b\x50\xe4\xd6\x8f\x35\xb6\xf8\x5d\x94\x8e\x39"
	"\xb5\x97\x1a\xc4\x44\x26\xb3\x51\xdc\x5c\x6c\x56\xb0\x45\xbc\x8b"
	"\x63\x3c\xb4\x34\x34\xbd\x2d\x4c\xfc\x26\xe5\x28\x8a\x87\x61\x61"
	"\x4c\xef\x82\x21\x7a\xe9\x2e\xec\xeb\x2a\xc9\xf9\x32\x1b\xff\x2c"
	"\x89\xc9\x2a\x24\xa3\xb0\x2c\xd5\xb0\xb0\x75\x81\x0f\xa4\x48\xc6"
	"\x93\x6b\x54\x0c\x10\x83\x88\x8e\xb7\x47\x94\x8a\x4a\x9c\x79\x37"
	"\xbc\x4a\xdd\xa1\x4b\x80\x55\xfd\x32\x7e\xd8\xeb\xee\x97\x0c\x4d"
	"\x3e\xd4\xd8\xc9\xb9\x25\xa4\x3a\xe2\x6d\x79\xd8\xd2\x74\x27\x96"
	"\xe3\x2a\x50\xf9\xbe\x1c\xe4\x61\x81\x93\xba\x87\x1b\xc4\xe4\xa7"
	"\x11\xe2\x7c\xec\xe0\x83\xcc\xc2\x88\x68\xe7\x5f\xdf\x33\x94\xd3"
	"\xca\x4d\x2c\x9a\x6e\x45\x4b\x2a\x9e\xfe\xe4\xd1\xd0\xf3\x5c\x75"
	"\x82\xfd\xa6\x69\x58\x93\x58\x82\x69\xe8\x3a\x28\xc2\x0a\x0a\x66"
	"\xc3\xa3\xb8\xe2\xc1\x36\x11\x87\xb5\x0e\x4c\xa3\x9b\xeb\xa0\xe8"
	"\xd2\x76\xcc\x31\x90\xdc\xc2\x2c\x23\xdd\xf0\x6c\x58\x8a\xd8\x82"
	"\x81\x3a\x33\x8a\x23\x54\x99\xdb\xfd\x78\x6e\x61\x34\x58\x5d\x54"
	"\x33\x0a\x92\x60\x0c\x19\x25\x79\xb4\x18\x03\xcd\xcb\x90\x89\x16"
	"\xc9\xc6\x70\x6b\xc6\x11\x9b\xf6\x0e\x88\xe5\xe4\x71\x14\x33\x9a"
	"\x4a\x14\x2e\xee\xaa\xaf\x16\x87\xb1\x52\x77\x4b\x19\x98\x96\x6d"
	"\xdd\x81\xc2\xbc\x36\xbb\x9d\x5b\x4c\x56\xe3\x3d\x89\xe5\x9b\x51"
	"\xc8\x6a\x35\x06\x79\x88\x9e\x78\x4e\x52\x70\x22\xbb\x13\x3a\x0a"
	"\x8b\xf9\x68\x6d\x3d\x64\x33\x06\xe4\x66\xa3\x2d\x90\xd0\x72\xbb"
	"\xba\xa3\x62\x13\xd0\x81\x8c\x82\x32\xee\xfb\x96\x71\x0f\x2c\x70"
	"\xc6\x61\xd5\xea\x9e\x3e\x94\x92\x75\x32\x5e\x69\x79\x6c\xd9\x86"
	"\x3d\x86\xca\x4a\xe6\x05\xee\xe8\xb0\x7c\xa4\x64\x35\xda\xc9\x20"
	"\x8c\x1c\x4a\xed\xd0\x9d\x4b\x73\x9a\x07\x95\x3b\x0a\x23\xf3\xd1"
	"\x89\xb4\x8e\x30\xd0\x72\xff\x8f\xa2\x9f\x92\x59\x16\x8f\xa1\xc6"
	"\x47\x26\x7d\x9a\x45\xc5\x57\x42\x1f\xc6\x80\x95\x58\x0f\x32\x2c"
	"\x96\x47\x3b\x33\xd7\x01\x17\x14\x4d\x93\x83\x9a\x7a\xb0\x61\x6c"
	"\x84\x49\xca\x74\x71\x15\x3a\x69\x60\x8e\xa7\xdd\x7c\x82\xb6\x64"
	"\x9b\x8c\x26\xb7\x61\x7c\x39\xcb\xd2\xf1\x66\xe1\x2b\xd3\x18\xed"
	"\xee\x8f\xe5\xe8\x20\x5c\xe5\xa1\x1f\xcc\x0d\xdf\x1e\x4d\x6c\xb0"
	"\x81\xbe\xec\x06\xfa\x9a\x03\x44\xe3\x12\x25\xcc\xc3\x73\x23\xa4"
	"\x16\xbe\x5a\x93\x70\x55\x6a\x47\xc7\x9a\x6b\xd6\x34\xf0\x38\x2d"
	"\x51\xad\xbe\x44\x68\xce\x58\xed\xca\x4a\x9f\x7c\xea\xd9\x1a\x98"
	"\xf4\xa6\xc2\x77\x53\x21\xae\xd9\x97\x27\x59\x58\x71\xd1\xcb\x2c"
	"\x59\x09\x70\x47\x19\x8a\x5d\x59\x8c\x30\x6f\xd7\x01\x41\xb8\xf8"
	"\xb3\x5e\xe0\x0b\x43\x8c\x17\xb5\x2c\x48\x4a\xa3\x35\x9b\x15\xa8"
	"\xab\x9a\x2c\x4a\xb6\x21\x45\xc1\x34\x08\x94\xe4\xa5\xd6\x0e\xf0"
	"\xa8\x8e\x95\x0d\x26\x58\xe5\x4a\xb3\xff\x65\x1c\xae\xbe\xe7\xf8"
	"\x9a\xf9\x24\xde\xc6\xfb\x45\xf4\x4d\xd6\x6c\x85\x77\x3b\xd0\x82"
	"\x88\xbf\x96\x6b\x56\xf8\xd9\x61\xc9\x19\x85\x1f\xb6\xab\x99\xed"
	"\x5b\x90\xe3\x19\x0e\x5e\xf7\xc0\xaf\x2f\x9a\x2f\x2a\xf4\x55\x44"
	"\x97\x24\xe3\x37\xf7\x8f\x97\xd1\x96\xff\xfd\xfb\xe3\xf0\xbc\x7b"
	"\x99\xc4\xbb\xdf\x6a\x5a\xaf\x34\xcb\x6b\x05\x11\x8d\xd8\x1a\xfd"
	"\x88\xf4\x89\x5b\xcf\x34\xa1\x6f\xe0\x04\x60\x6b\xa2\x13\xad\xe2"
	"\x1c\x9f\xc9\x17\x44\x6c\xc4\xd4\x45\x2c\x9f\xf2\x08\x3f\xd2\x14"
	"\x59\x1c\x35\xb1\xdb\x35\x43\xba\x0e\x89\xa8\xcd\x1a\xca\x05\xba"
	"\xda\xa8\xb4\x87\x49\xd2\x0d\xf6\xb5\x29\x78\xf4\x28\xa6\x25\xc5"
	"\xc3\xfa\xa4\xd2\xa1\x26\x4f\xe8\x76\x06\xa4\x40\x8a\x47\x8d\xf2"
	"\xf3\x7f\x6c\xab\x63\xa9\x01\x34\x19\xb7\xcc\xa7\x9d\x17\xa1\x6b"
	"\xf4\x0c\xa6\xc5\xb3\x2c\x53\x68\xd2\x85\xe0\x2f\x1e\xfe\x05\xe9"
	"\xdd\xa3\xa4\x84\x74\x70\x2d\x08\x48\xc5\x1e\x56\xfc\x61\x48\xbe"
	"\x78\xb8\xec\xab\x96\x2f\x0f\x6f\x59\xfa\x86\xf2\xb8\x9c\x27\xea"
	"\x57\xb3\xb9\xf8\x2c\xe1\xc8\xc4\xd7\xc7\x95\x53\x73\x1c\x25\x4e"
	"\xbd\x09\x5f\xd2\x11\xa0\x82\x63\x6c\x80\x91\x3c\x67\xff\xfc\xa3"
	"\xce\xf7\x1c\xfe\x22\xab\xa6\x6c\x45\x36\x4f\x40\xc3\x85\x66\x03"
	"\x33\x9e\x4d\x80\x4d\xd1\x37\xf1\x94\xd7\x60\x1a\x15\x26\x09\x5e"
	"\xc4\x70\x83\xbf\xbc\x9a\x61\x2c\x36\x20\x5e\xe9\x6a\x6e\x25\x4a"
	"\xcc\x3c\x31\x3e\xf1\xf7\xe9\xe3\x92\xe2\xe5\x2a\x33\xbe\x64\xc0"
	"\x27\xad\xc1\x24\x08\x43\xef\xb5\xe6\xab\x28\xcd\x46\x7b\x0b\x16"
	"\xa4\x26\x89\x92\x01\xd5\xfd\x25\x48\xcf\xa6\x8d\x9f\x73\x8d\xbc"
	"\x2a\x16\xfe\x98\x70\x7e\x13\x8f\xb5\x79\xba\xc5\x2f\xe3\x25\x68"
	"\x56\xc0\xfa\x95\xc2\xf6\x61\xb9\x81\x59\x3d\x5d\x44\x43\x1b\x2d"
	"\xb0\x29\x50\xcc\xe2\x75\x0a\xd0\x05\xad\x40\xf3\x09\x00\xb8\x1a"
	"\x00\x2d\x0c\xc3\x74\x4c\xd3\xc1\x21\xd2\x6a\xdd\xd0\xca\x3d\x84"
	"\x02\xe3\x22\x9f\x22\x66\xb0\x12\x50\x33\x1f\x69\x52\x40\x2d\x80"
	"\xeb\xf4\xc1\x09\xc4\xd1\xcb\x5d\x5d\xfe\xc0\x6f\xd3\x1c\x91\xdb"
	"\x7a\xb9\xa7\x4d\x3f\xc0\x9c\x6f\x5a\x79\xe0\x19\x23\xd5\xe3\x8e"
	"\xd4\x9f\x67\x6b\x00\x21\xa1\xa6\xe5\x70\x03\x89\xdb\x23\x31\x17"
	"\x9b\x4c\x4d\x67\x0a\xad\xc0\xd0\x15\xb4\xb4\xdd\xa9\xa6\xa2\x20"
	"\x50\x8f\x8b\xf8\xb0\xd5\x80\x98\xba\x53\x2c\x00\xcb\xa5\x2f\xba"
	"\xff\xe0\x72\xc6\x6d\x73\x1e\xdb\xe6\xb4\x1a\xc5\xdc\xb0\x30\xde"
	"\x8c\x35\x79\x95\xf0\xfd\xe5\xf0\xf6\xef\x2f\xe6\x1f\x72\x63\x55"
	"\x2c\x66\x93\xc6\xbe\xe7\x13\x58\x9a\x54\x56\x8b\x93\x2f\xd7\xeb"
	"\xff\x3f\x86\xa3\x15\x36\x78\x09\x9e\x31\x0d\x49\x91\x94\x27\x71"
	"\x85\xc5\xaa\x96\x72\x70\x30\x50\x16\xa9\x3c\x1d\x7e\xfd\xea\xe9"
	"\x62\xbb\xf7\xa0\xb7\x33\x5a\x7b\x3d\x2a\xa9\xc9\x07\x33\x5b\x2b"
	"\x15\xa7\x50\x54\xed\xdf\x03\x26\x65\x38\x0e\x5a\x46\x62\xc3\x33"
	"\xc3\xd4\xa3\x3d\xe8\xc5\xe6\x75\x1c\x4a\xf3\xd5\x38\x88\xd0\x92"
	"\xad\x59\xf9\x34\x8e\x44\x78\x04\x7b\x98\xf6\xf6\x5b\x3a\xb5\xc9"
	"\x06\x38\xbc\x9f\x81\xfb\xf1\x63\x72\xae\x5b\xe1\xda\x81\xd2\xfd"
	"\xf9\xe7\xe1\x05\xa8\x59\x9f\xa5\xbd\xf0\xe4\x0b\x34\xd6\x79\x77"
	"\xfa\xb5\x3f\x0f\x7b\xcf\xa5\x59\xc4\x31\x8c\xb3\x28\xbd\xa7\xfc"
	"\x24\xc1\xbc\xaf\x7b\xb8\x81\xeb\xbe\x1a\x56\x07\xb1\x53\xfb\x01"
	"\x52\x1a\x81\xcf\x3e\x8b\xb1\x9a\x64\xe2\xff\xa9\x58\xdd\x53\xd5"
	"\x35\x6b\x24\x66\xa8\x8e\xa5\xc3\xd5\x08\xbc\xa4\xf5\x52\xaa\x36"
	"\xcc\x06\xef\x72\xb5\xb5\x82\x10\xcd\x56\x73\x95\x89\x82\x8c\xd1"
	"\x3b\x67\xc8\x1d\x01\x59\x55\xda\x33\x34\xb2\x0e\x81\x27\x50\x1b"
	"\x75\x57\x51\x3c\x10\x03\x83\x5c\x94\xae\x7a\x41\x4f\xea\xc7\xd8"
	"\x76\xa7\x7d\xeb\x86\x4e\xb2\xb1\xc6\x78\x3e\x1d\x3f\x8e\x3f\xcf"
	"\x93\xe5\xef\xf7\xfd\xe9\xcf\xf5\xe4\xd7\xe7\xfe\x43\x1d\xe8\xa3"
	"\x24\x0b\x86\x58\x7b\x2d\xb2\x38\x9c\x33\x64\x8f\x42\x97\x45\x96"
	"\x5c\xe9\xb8\x55\x05\xa3\xf1\x03\xdc\xd4\xc6\x59\xf6\xb0\xea\x04"
	"\xa6\x5a\x02\xe1\x89\x90\x01\x45\x44\x4e\xba\x31\x36\x6a\xc3\x15"
	"\x90\xb5\xc3\x83\x1e\x5f\x5f\x8f\x6f\x13\x2a\x89\x55\xa5\x19\x3c"
	"\x04\x65\xec\x16\xe0\xfa\xce\x16\xea\x97\x94\x58\xe3\x01\x62\xc9"
	"\xc3\x07\x24\xce\xfb\x25\x95\x84\x54\x53\x07\x59\x0b\x3b\x30\xce"
	"\x5c\x1b\xa3\xca\xea\xa1\x90\xcd\x53\x1f\xe4\xdc\x03\x42\xc2\xf4"
	"\x75\x40\x10\xba\xd8\x37\xbc\x7b\x60\x98\x3b\x78\x17\xc6\x2d\x03"
	"\xdc\x77\x73\xb4\x3e\x25\xad\xd0\x58\x32\x38\x07\x5f\xb7\xed\x28"
	"\xc6\x92\x25\xce\x3a\xa9\x92\x35\xb7\xee\x14\xfc\xf8\x79\xea\xd1"
	"\x7a\xb4\x7a\x02\x58\x9f\x6a\x7e\xab\xde\x93\xbc\xc8\x66\x9d\x2e"
	"\x07\xa4\x39\xd2\x36\xaa\x5d\xcf\x94\xcf\xb7\xd1\xba\x04\xef\x06"
	"\x92\xa0\x88\x2c\x8b\xb7\x40\xd9\x4b\x0a\xf0\xa5\xb8\xc2\x80\x2f"
	"\x1a\xb4\xe0\xe5\x4a\xc0\x0d\xb1\xc9\x0a\xdc\xce\x50\x60\x9c\x41"
	"\xa0\x8d\xf4\x02\x31\x3d\xd3\x90\xff\xf5\x3e\xe4\x39\x17\x80\x48"
	"\x60\x6a\x99\xbd\x60\x1d\x45\x13\x28\x44\x92\x04\x21\x3e\x91\x84"
	"\xc5\xb3\x0c\x61\x84\x17\xad\xb0\x42\xfd\x65\x8a\xfd\xeb\xf1\xbc"
	"\x7f\x3f\x1d\x9f\x55\xe7\x8c\x22\x02\x33\x42\x08\x3f\x32\x7c\xf1"
	"\xfd\xf5\xe3\x97\xf2\x9d\x3c\xe1\xed\xfc\x35\x64\xf3\x14\x29\x7d"
	"\xe1\x75\xd4\x81\x4c\x0c\x7c\x88\x27\x30\xf9\x80\xbd\xd4\xcf\xc3"
	"\x73\x47\x31\x51\xfb\xcc\xbc\xbe\x1c\x7f\x89\xc7\xfc\x48\x3b\x1f"
	"\x92\xa2\xd9\xe9\xb8\xfb\xf1\x7c\x7c\xbd\x91\x75\x3c\x5e\xa8\x8a"
	"\xe6\xb2\x36\x44\xa9\xf2\xbf\xe6\xa7\xfd\xfe\xe3\x79\xf7\xb2\x9f"
	"\x3c\x1e\x4f\xa2\x8f\x2b\x3e\x71\xf8\x57\x52\xa9\x9e\x3f\x7e\xee"
	"\x5e\xc4\x97\xb5\x9f\x2e\x87\x9c\x42\xd5\x41\xec\x27\xff\xc1\x5e"
	"\x6a\x28\xa6\xd6\x74\x85\xd0\xa5\x80\x51\xcc\xbc\x88\xd4\xa3\x31"
	"\xaa\x4a\x6c\xef\x28\xce\xb4\x59\xdf\x43\xa4\xed\x16\xdd\xe0\x68"
	"\x0c\xa8\x5e\x57\xf3\x79\x7f\xcb\x77\x7d\xba\x45\xcc\x27\x3a\x08"
	"\x38\xc4\x2a\x3c\x5b\x3b\xc0\x87\x39\x9b\x4b\xf8\xed\x37\xea\x9f"
	"\x73\x8e\xbc\xd7\xec\x40\xfa\xb9\x6d\xbf\xc5\xc1\xd4\xf0\x02\xb1"
	"\xfa\x09\xf3\xd6\xa2\x11\xcd\xbc\x40\x34\xef\x0e\xdd\xbb\x9e\x9f"
	"\xf7\x2f\xfb\xd3\xf1\x75\x7f\xbe\x69\x2c\x22\x76\x09\xa6\x67\x21"
	"\xc7\xba\x56\x3a\x45\xa4\x55\x6c\x3b\x2e\xea\xfc\xdc\xca\x31\x15"
	"\xd0\x2c\x21\x26\xc6\xc5\x99\x10\xcb\xc2\x44\xd4\x74\x8d\xda\xb2"
	"\x40\xbd\x9b\x22\x16\x92\x6a\x48\x30\x8f\x4b\xb1\xcd\x2a\x42\x64"
	"\x35\xaa\x65\x53\x5c\x86\xe8\xb0\x64\xd3\xd6\xb4\x42\x75\x6e\x9b"
	"\xe8\x6e\x78\x03\x96\x0d\xce\x26\x15\x43\x02\x98\x56\x3c\x44\x42"
	"\xad\x56\xf4\xeb\x83\x98\x8c\x11\xaf\x7c\x6a\x5b\xa8\x12\x8f\xf8"
	"\x8e\x8b\xb7\x62\x2b\xc7\x15\x79\xc4\xc7\x3c\x67\x85\x2c\x40\xe9"
	"\x38\x12\xd0\x06\x98\x1a\x19\x52\x94\x8a\x3a\x06\x46\x93\x53\x51"
	"\xcf\x42\x6c\xbd\x38\x25\xb6\x81\xc5\x62\x2b\x1f\x02\x1b\xf1\xef"
	"\x02\xd9\x8c\x28\x02\xd4\x91\xb7\x9d\x98\xd3\x81\xe6\xfe\xc7\xe1"
	"\xd7\xe1\x0c\xdc\xf6\xc7\x37\x31\x19\x0e\x87\x98\x6f\x79\x1e\x32"
	"\x42\x7c\x6b\x6a\xe2\xa2\x00\x13\x39\x3e\x9a\xa0\x8f\x7f\xcb\xc7"
	"\xbf\xe5\x23\xfa\x0e\x21\x0a\x02\x1f\x13\x4d\x2d\xf4\xad\x29\xa2"
	"\xb9\xa0\xd4\x14\xad\x60\xa2\xf1\xa4\xa3\x74\x1d\xc5\x59\x1e\x5d"
	"\xd8\x5b\x11\xab\xfb\xc0\x41\x38\x56\x97\x15\x46\x7e\xc6\x52\x88"
	"\x58\x81\x7e\x19\x78\x54\x1d\xc4\x5f\x5e\xca\x30\xad\x13\xc8\x30"
	"\x4a\x21\x52\x99\x86\x85\xcb\x4c\xec\x76\xbb\x16\x06\xa8\xcc\xc6"
	"\x98\xbc\xc4\x91\xc0\xc3\xc8\xdf\x68\x6e\x5b\x18\x7f\x94\x90\x39"
	"\x08\x2b\x5c\x4a\x56\x3e\xa6\x2f\xe3\x32\x32\x38\x18\xe6\x6a\x94"
	"\x6e\x40\x83\x13\x52\x23\x30\xa9\x56\x8c\x68\x4e\x5b\xb1\xc3\x0d"
	"\x44\xbb\x59\x23\x4c\xcb\xb4\x03\x9d\xdc\x08\xb8\x69\x58\xda\x14"
	"\x02\x6e\xb8\x5a\x84\x67\x72\x0f\xb9\xc1\x97\x08\xf1\x05\xd3\xd5"
	"\x88\xfd\x29\xc2\xb1\x56\x8b\x03\x2f\x40\x8b\x50\xc6\xd4\x71\x11"
	"\x03\xbd\xf5\x5c\x6c\xc6\x6f\x7b\x36\x32\x4b\x41\xd0\x8e\xf6\xb7"
	"\x78\xbc\xab\x01\xbd\xb9\xab\xfb\xe6\xfc\x74\x7c\x3b\x4f\xa2\xb7"
	"\x3e\x65\x24\xab\x99\xd2\x29\x89\x87\x06\xd9\xe4\xf5\xfd\x45\xec"
	"\x81\x07\xd3\x60\x60\xf7\xa7\xa6\x26\xb4\xea\xfe\x55\x5e\xf3\xf2"
	"\xfd\xdb\xc7\xf1\xe6\x95\x32\x26\x62\x53\xb4\x6c\x7c\x70\x90\xed"
	"\x40\xe4\x21\xcb\x3d\xa5\x3c\xc0\xa6\x02\xf2\x88\x5a\xa4\xae\xbf"
	"\xdd\x70\xd7\xd4\x1e\xe6\x87\x1f\x4d\x16\x27\xa2\xec\xcd\x69\xbf"
	"\xad\x2a\xce\xf3\x56\x78\x11\xf4\x97\x76\x9e\x37\x85\xb8\x71\xe9"
	"\x68\x54\x07\x9f\x6f\xdd\x9a\x0f\xf5\xad\xd3\xa9\x52\xd7\x40\x82"
	"\x05\x00\x4d\x0a\xb2\x28\x83\x28\x40\x45\x8e\x65\xa2\x22\xc7\xc3"
	"\x45\xd8\x16\xd1\x75\xa7\x56\x81\xcb\x6c\x5c\x66\xa0\x25\xf3\x2c"
	"\xa7\x40\xf7\x23\x30\x1d\x63\x94\x13\xf0\x6e\xe0\xa1\xaf\x82\x78"
	"\xea\x69\xf6\xb3\x2e\x46\x70\x22\x45\x01\x2a\xf2\x4c\x5c\x84\x96"
	"\x52\xb3\x5a\x63\xf6\x78\x62\x8c\x61\x21\x01\xc3\x3c\x2b\xe1\xfe"
	"\x44\x2d\xe4\x8e\x83\x04\xb4\x48\x3c\xcb\x46\x6a\x53\xac\x35\xae"
	"\x89\xae\x6d\x6e\x60\xa1\xcb\x90\xe3\x63\x0c\x7f\x42\x36\xb5\xd0"
	"\x19\x58\xe4\xdf\x08\x2c\xf4\xfe\xa7\x46\xb8\xae\xaf\x9b\x24\x6f"
	"\xea\xa0\x76\x7a\x83\x50\x38\x9f\xaf\xaf\xbf\x9b\xf3\xec\x95\xcd"
	"\x62\xff\xbf\x9f\xfb\xb7\xe7\xdf\x13\xfe\xfb\xed\xfc\xf7\xfe\xe3"
	"\xf0\x7f\x70\x39\x12\x86\xfc\xaf\x3c\x8e\x5b\x54\xad\xdd\x59\xec"
	"\xdf\xf6\xa7\xdd\xf9\x78\xfa\x2b\x3c\x7c\x9c\x4f\x87\xef\x9f\x0d"
	"\x67\x46\xa7\x75\xa6\x37\xf7\x6f\x35\xfd\xef\xdf\xbb\x8f\xfd\x9f"
	"\xb1\x48\x63\xff\x63\x12\x1f\x8f\xef\x93\x2f\x22\xf1\x3f\x26\x3f"
	"\x2f\x1f\xff\xe8\x7c\xbc\x9f\xe0\x5c\xec\x82\x86\x3b\xd3\x76\xfe"
	"\xf8\xf5\xfb\x74\xfc\x78\x3e\xbe\xef\x85\x68\x38\xb9\xca\xb3\x9d"
	"\x81\xce\x04\x20\x35\x6d\xbd\xd4\xd3\x9d\x1a\xd1\xe9\xa7\x2a\xb8"
	"\xe3\x62\x87\xbb\x85\x89\x9d\x25\xf2\x95\x6d\x68\xa8\xb6\x9a\x13"
	"\xd4\xe2\xa9\xc8\x34\x07\x28\x56\x2e\xec\x1b\x0f\x94\x7a\x7a\xdf"
	"\xef\x5e\xce\x7f\x77\x16\xa1\xf6\xe9\xe9\x3c\x29\x76\xe7\xfd\x24"
	"\x39\xbe\x1d\xce\xb7\x55\x38\x8f\x9c\xff\x67\xec\x59\x9a\x1b\xc7"
	"\x79\xbc\xef\xaf\x48\xcd\x69\xb7\x6a\x67\xc6\xef\xd8\x87\x1c\x28"
	"\x89\xb2\xd4\xd6\x2b\x24\xe5\x47\x2e\xaa\x9e\xb4\xa7\x3b\xf5\x75"
	"\xd2\x5d\x9d\xa4\x76\xe6\xdf\x2f\x40\xca\xb6\x24\x12\x74\x0e\x33"
	"\x1d\x13\x10\x1f\x20\x09\x02\x20\x08\xcc\xa8\xad\xa8\x61\x94\x89"
	"\x6b\x3f\x1d\x79\x24\x3f\x04\x4e\xec\x2e\xbe\x3f\x3f\x7d\x79\x7a"
	"\xfb\xd7\x39\x99\xf9\x64\x4a\xc8\x1d\x51\xa2\x88\x43\x30\x41\x99"
	"\x88\x90\x07\x13\x25\x27\xc4\xfe\x4d\x54\x4d\x40\x64\x7a\x4b\x69"
	"\x66\x08\x9a\xd8\x64\x4f\x61\xcf\xbc\xe1\xdd\xe3\xf3\xf1\xf3\xeb"
	"\xfb\xaf\xe3\xf3\x11\x64\x8d\x77\xa0\xb4\x63\xa9\x52\xc1\xdc\x5a"
	"\x28\x69\x49\x48\x61\x45\x91\xab\xa6\x05\x53\x27\xc2\x26\xdf\x2f"
	"\x28\x65\x62\x8b\x4b\x72\x81\x4b\x92\xfa\xba\x5d\x92\x99\xcc\x17"
	"\x91\x74\x5c\xd2\x3e\x7d\xfd\xf6\xe6\xde\x9a\x9f\xa2\x46\x52\xb6"
	"\x0a\x96\x01\x43\x1e\xb9\x6f\xc3\x58\x15\xc9\x15\xe5\xf8\xa2\x81"
	"\x2b\x62\x7b\x05\xc9\xf8\x76\x4e\x83\x28\x11\x2b\x9f\x4e\xc6\x44"
	"\xb2\x14\x84\x11\x27\x07\x06\x4b\x27\x54\x47\x00\x2d\x88\x35\x84"
	"\x20\x2a\xe7\xc7\xba\x9a\xb0\x0a\x56\x18\x1b\x8d\x88\x6c\x37\x5a"
	"\xfa\xc2\x4b\xf3\x6c\xb2\x1a\x11\x9a\x55\x1f\x89\xf0\x47\xd1\xc0"
	"\x31\x71\x80\x7d\x92\x0c\xf4\x10\x22\xa8\x54\x25\x46\xa4\x83\x86"
	"\x12\xa4\x6f\xc5\x16\xd8\xc1\x8c\x88\xc1\x00\xdc\x02\xd8\x0c\x31"
	"\xe1\x65\xa5\x60\x2d\x10\x79\x97\xa0\x9f\x93\x11\x09\x96\xe9\x78"
	"\x4c\x44\x78\x44\xd0\x6c\x4e\xd9\x4a\xa6\xd3\x31\x65\x63\x69\xea"
	"\x6d\x2a\x09\xba\xa9\x50\x4e\x67\xc4\xfd\x93\x86\xdd\x4e\xbc\x33"
	"\xa6\x60\x52\xa8\x4c\xcc\x1a\xb6\xa4\x61\xb7\x44\xdd\x00\x9b\xcd"
	"\xa7\x94\x5f\xe8\x7c\xbc\x9c\xb8\x1d\x02\xb6\x61\x91\x91\x73\xb2"
	"\xe5\x79\xb6\x18\x11\xf7\x63\xdb\x6c\x41\x59\x44\x1f\x60\x32\x27"
	"\x03\x3b\xad\xb9\x41\xfd\xfc\xf5\xe5\xf8\x66\x4c\xbb\x4e\x66\xb2"
	"\x59\xae\x6e\x09\x21\x13\x41\x84\x40\xbb\x19\xad\x56\x04\x03\x6a"
	"\x2d\xb0\x39\x5b\x17\x1e\xbe\x7a\xc1\x21\x2d\x87\x6c\x0d\x3c\x8e"
	"\x74\xb2\x9b\xce\x27\xb3\x91\x8f\xaf\xea\xca\xe9\xa3\xfe\xb4\x34"
	"\x92\x3c\x9c\x2f\x67\x53\xb2\xab\x43\x3c\x57\x3e\x50\x1d\x9f\xff"
	"\xe7\xf7\xe3\x3f\xc3\x24\xbc\x78\xaf\x5d\x3b\xf2\xf4\xbd\x3c\x7e"
	"\x7f\x7a\xb1\x26\x45\xc3\x4e\x4e\x2c\x37\xbf\xdf\xbc\xbe\x81\x32"
	"\x0e\x0a\xde\xcb\x71\x58\xa9\x7e\x9b\x2c\xea\x4a\xb9\x6c\xfa\x7d"
	"\x42\x60\x16\x11\xd2\xf2\x7f\x12\x05\x7f\xfe\x78\x83\xa3\xf5\xc9"
	"\x79\x03\x30\x9f\x10\x1b\x20\x92\xb0\x1a\x49\x3b\xd3\x7c\x46\x30"
	"\x7e\x03\xbb\x25\x05\x7c\x8a\xfb\x22\x6c\x3c\xa5\x95\x06\x6a\x2f"
	"\xaa\x2a\x73\x0a\x4c\xc3\xb1\x03\xb5\xfb\x72\x45\x96\x57\xab\xf1"
	"\xc8\x21\x0d\x56\xbf\x8e\xaf\x28\x8e\x38\xf7\x53\x50\x8d\x16\xa3"
	"\xdc\xed\x87\x90\x86\x15\xec\x51\x2a\x23\x57\x5e\x51\x37\x13\x49"
	"\x45\xd1\xb9\xca\xc6\x63\x8f\x71\xde\x80\xc9\x1d\x56\x65\xb0\xc3"
	"\x08\x55\x4b\xce\x49\x43\x21\x80\xa6\xb7\xbe\xad\x47\x87\x3b\x53"
	"\x73\x4a\x22\x4e\x80\x34\x0b\xf7\x30\x1e\x2a\x06\xa2\xc2\xc2\x2d"
	"\x21\xbd\xe0\xc3\x64\xd7\x44\xc8\xe9\xaa\x6f\x03\x6e\xe7\xee\xc7"
	"\x3f\x4f\xcf\x28\x27\x1b\x43\x17\xee\xb1\x47\xe7\x4c\xea\x83\x9c"
	"\x3c\x75\xd3\x88\x09\x8c\x67\xc2\x1b\x22\xf9\xba\x88\xa3\xdb\xdb"
	"\x19\x65\x17\x15\x31\x21\xfc\xcb\x3d\xb4\x39\x22\x3f\x5a\x3a\xae"
	"\xb5\x5f\x7f\x7c\x47\x4f\xbe\x0f\xdc\x34\x4c\xe4\xd8\xa5\xdd\xa8"
	"\xe3\xf3\x4f\x54\x4e\x89\x25\x0d\x1b\x36\xcd\x4d\x9a\xa4\x32\x2c"
	"\x6b\xea\x7d\x72\x9e\xed\x57\xa3\x05\x71\x48\x1b\x20\x65\xc2\xcd"
	"\xab\x11\x71\xbb\xa6\x41\xb7\xc4\xf9\x7b\x90\xc4\xec\x68\x10\x71"
	"\xfc\x16\x44\x3a\xc8\x6d\xce\xc9\xa7\x12\xd5\x2e\xb7\x79\xb8\xb8"
	"\xbf\x79\xfc\xf6\xf4\xd3\x8e\xe0\x03\x10\x7c\x56\xde\x77\xb0\x58"
	"\xa7\xa1\x55\x80\x94\x6d\x0a\x71\x37\x1e\x96\x6f\x27\xb9\x8d\xbc"
	"\x9d\xba\xca\x40\x65\x95\x54\x79\x1b\x04\xe7\x2c\xd2\x09\x95\xe2"
	"\x53\x3f\xbc\x47\x0e\xab\x9e\x8b\x56\x5a\x61\x56\x6a\x6a\xf8\x26"
	"\x69\x24\xfc\x50\xa2\xcc\x32\xe2\xb0\x89\x1d\x81\x30\xaa\xe4\x70"
	"\x23\xdf\xff\x7a\xd5\x5e\x10\xae\xfc\x5b\x88\xe0\x24\x78\x72\xf0"
	"\x78\xdb\x04\x61\xde\x6c\x30\xbe\x37\x3e\x5a\xf2\xd6\x51\xed\x59"
	"\x33\x59\x16\xb9\x7e\x98\x74\x1d\x0b\xeb\x23\xb1\x74\xf2\x06\x44"
	"\x21\x31\x72\x56\x55\x49\x59\xf0\x26\x8f\xf2\xc5\x82\xd8\xc5\x3a"
	"\xb2\x1e\x99\x06\x82\xf0\x3e\x10\x4c\x3a\x4c\xf7\x5f\x7e\xfd\x78"
	"\xfa\xd2\xdb\xe1\x45\x24\xca\x94\xf0\x43\x4d\x83\x62\x1b\xa5\xc4"
	"\xb3\xd9\x88\x88\xd2\x56\xc0\xb6\xb0\xd7\x7e\xb2\xbb\x79\xfb\xf5"
	"\xf9\x51\x73\x5e\x97\x27\x5e\x4e\xe8\xc4\x8a\x67\x8d\x72\x7b\xe1"
	"\xc5\x15\xf1\x5a\x2f\x26\xde\x64\x2b\x4e\xe4\x40\x4f\x09\xef\x20"
	"\x99\xa5\xf9\x60\x85\x1b\x2b\xde\xd3\x77\x60\x7b\x7a\x89\x76\xbc"
	"\xae\xa2\x90\x85\x09\x47\x47\xa8\xa8\xf5\xfa\xec\x7a\x42\xa1\xab"
	"\x11\xeb\xa5\x8b\xe2\x7b\x35\x69\x62\x49\x39\xad\x4c\x1b\xa7\xd3"
	"\x07\x40\x66\x4d\x37\x31\xb7\x2e\xa8\x25\x6f\xe2\x52\xe8\x3a\x07"
	"\x20\x68\xba\x2a\x65\xba\x87\x3e\x65\x36\x48\xf2\xb0\x16\xa9\x3a"
	"\x0c\x3a\x36\x6b\x78\x11\x8a\x43\x45\x86\xa3\xd4\x38\x54\xac\xf8"
	"\x4f\x41\x34\xe9\x56\x88\xbf\x49\x64\xe8\x44\x1e\x68\xd2\xf5\x63"
	"\xc9\xa7\x92\x0b\x80\x11\x04\xfa\x44\x83\xf6\x34\x68\x1d\x4b\x92"
	"\xe4\x65\xe8\x01\x06\xca\xd3\x97\x22\xcd\x3c\x9f\xc6\x13\xfa\xcb"
	"\x58\x0e\xb7\xd1\x05\xd0\x9d\xb4\x0e\xd9\xd1\x51\x2d\x96\xed\x23"
	"\xb9\xd2\x99\xa1\x12\x7d\x78\x1b\x84\xa7\x45\x27\x11\x61\x0e\x5b"
	"\x1d\x2f\x54\x0f\x43\x78\xb7\x37\xee\x59\x3f\xc3\x8b\x52\xa5\xf1"
	"\xe1\x52\x67\x34\x2c\x48\x4d\x81\x76\xb8\xef\x55\xcd\x0c\xc0\x9d"
	"\xa0\xb1\x2e\x15\x73\xb4\xc7\x6a\x55\xc6\xb2\xbf\xda\x4d\x59\xaf"
	"\x28\xd6\x8b\xbf\xf7\xd2\x28\xa4\x5e\x0c\x97\x5b\x2e\x30\x1f\x68"
	"\x6c\x6f\xea\xf0\xf3\xe3\xb7\x41\x68\x69\xa9\x97\xa5\x8d\x19\xfd"
	"\x2e\xca\xfc\xcf\x68\x1b\x69\x4e\x70\x61\x04\x1d\x41\xb0\x5c\x01"
	"\x3b\xa7\xa6\xbd\x8e\x62\x57\x0f\xa2\x52\xfe\x19\x33\xf5\x67\xa1"
	"\xa8\x7a\x73\x09\x38\x54\xad\x5b\xf8\x96\x5c\xa2\xca\x5a\x84\xe6"
	"\xb8\x7d\x3d\xbe\x7f\xf9\x71\xf3\x77\xaf\xb9\xd3\xb1\x23\xca\xb0"
	"\x47\x68\x5d\xb0\x69\xf3\x58\x76\xcb\xf0\x79\x86\xca\x06\x85\x15"
	"\x86\x0d\xca\xcb\x22\x1d\xa4\x9a\xd0\x40\x90\x76\xb2\x48\x70\xd7"
	"\x2a\xdb\x70\x51\x74\x5b\x3d\x25\xb5\xbc\x88\x77\xfd\xb9\xd6\x05"
	"\x97\xdd\x42\xc9\x84\x80\xb3\x67\x4a\x11\xde\x1f\xf5\x9a\xab\x2c"
	"\x70\x32\x5c\x38\xcd\x74\x3a\x37\xce\x54\xcf\x77\xb6\x8d\x29\xb8"
	"\x4e\xd7\xac\x50\xa9\x19\x6f\xd7\x9d\xdb\xb8\xed\xf5\x08\x98\xa7"
	"\xd2\x78\xd8\xc3\x98\x14\xcf\x7b\xc3\x28\x05\x3e\x72\xa3\x59\x05"
	"\x8b\x3c\xb0\x98\x86\x71\xbd\xa1\x29\x68\x42\x7f\x08\x20\x8c\x73"
	"\x49\x72\x44\x4f\x5f\x03\x4f\x77\x2c\xd0\x99\xa1\x1b\x1e\x7a\xa1"
	"\xd6\xa9\xc4\x9c\x1c\x97\xfc\xbd\xe7\x72\x4c\xd5\xcb\x6d\xcf\xcc"
	"\x0b\x1c\x60\xe8\x18\x4f\xf1\x1d\x83\x28\xeb\x3c\x67\xc2\x87\xe1"
	"\x5d\x3a\x06\x25\x2c\x73\xad\xc1\xa2\xac\x6c\xa2\x63\xd0\x63\x7c"
	"\x00\xb9\x6a\x38\x4a\x81\x4e\xcc\x9d\xd8\x94\x41\x7a\x5a\x3a\x17"
	"\xa6\xd1\x96\xc1\x4a\xd8\x62\xb8\x81\xc8\x34\xea\x0a\xe1\x71\xc2"
	"\xcc\x1e\x4a\xbb\xce\x53\xfb\x83\x8a\x19\xf6\xc0\x1b\x28\xff\x5c"
	"\x01\x4d\x8c\x50\xb0\xdc\x39\xbb\xf2\xbe\x66\x32\xe9\x6d\xeb\xb6"
	"\xc4\x9c\x46\xd6\xf9\xdf\x07\x47\xa9\xe0\xa1\xf2\xd4\x0b\x6b\x04"
	"\xa9\xd1\x60\x98\xea\xcc\x5d\x51\x8b\xa1\x83\x30\xbb\xa5\x3d\x17"
	"\x66\xab\xf9\xf8\x3f\xb0\x08\x32\x44\x18\x92\xfc\x0c\xc8\x1e\x66"
	"\xfe\xaa\x61\x0a\x7d\x15\xef\x1f\x9c\xd5\x3e\x48\xe2\x69\xd9\x19"
	"\x63\xa6\x23\x09\x06\xfa\x71\xc5\x03\xf7\x35\xc1\xf3\x80\x47\x51"
	"\x37\xdf\xf0\x65\x6e\x04\x5b\xe7\xbc\x50\x66\xfa\x74\x4d\x77\xd3"
	"\xce\x81\xe4\x91\xc4\xf2\xb4\x00\x7e\x4d\x89\x62\xb9\x87\x2d\x55"
	"\x34\xec\xbe\xd8\xcf\xbc\xd0\x05\x0d\x15\xbe\x46\x2b\x0c\x83\x47"
	"\x28\x0f\x07\xb9\x25\xcf\x79\x8a\xd9\x15\x5c\xe1\x7b\x09\xea\x2c"
	"\x28\x3c\xb2\x66\x4c\x3c\x8d\x0f\x79\x95\xb8\x1b\x0b\x61\xdb\x76"
	"\x63\xf5\xe0\x6f\x9d\x4e\x5d\x12\x77\x69\x9a\x1d\x64\x59\xb9\x03"
	"\x71\x4e\xeb\x07\xdc\xe7\x68\xac\xd1\x6b\xd0\x74\xb3\x8c\x86\x7b"
	"\x58\x46\x7a\xe2\xf0\x1e\xf0\x95\x16\xca\x88\xd1\x47\x23\x35\x05"
	"\x59\x87\x19\xc1\x8f\xd3\xfb\xc4\xbb\xdf\xde\xdf\xfe\x5e\xfe\xd6"
	"\x85\x40\xfd\x5c\x4b\x33\xb3\xe9\x6d\x97\x90\x3d\xd8\x2d\x61\xdf"
	"\xec\x23\xf5\x2f\x47\x5c\x28\xcb\xf9\xe8\x12\x73\x69\x00\x99\x90"
	"\xad\x53\xe9\xcf\x06\x48\x1f\xe8\x22\xf5\xe0\x7a\x80\x34\xfe\x08"
	"\xd2\xe4\x23\x48\xd3\x8f\x20\xcd\x3e\x82\x74\x9d\xb6\x8b\x05\x4d"
	"\xc1\xc5\xea\xda\xe7\xab\xe9\x82\x98\x9a\x15\x39\x69\xab\xe9\x84"
	"\x82\xcc\x56\x74\x67\x6e\xe9\x01\x83\x6e\xb1\x5c\xce\x57\xcd\xf2"
	"\x3a\x49\xc6\x93\xf9\xe8\x43\x58\xf4\x6c\x32\x19\xa6\xe9\xd5\xbe"
	"\x8c\xaf\x62\x4c\xae\x62\x4c\xaf\x62\x5c\xa7\xc9\xfc\x2a\xc6\xe2"
	"\x2a\xc6\xed\x55\x8c\xd5\x75\x7a\x5c\x1f\xcc\xf8\xfa\x68\xc6\xf4"
	"\x70\x36\x65\xba\x6c\x84\x1f\x5c\x93\xe0\x9c\x85\x78\xde\x11\xa1"
	"\x63\x4e\x18\x21\x07\xf9\x27\xbc\x82\x52\x28\x5e\x13\xc1\x08\xcf"
	"\x48\xa2\x04\xe1\xf2\x5a\x63\x07\x91\x66\xd9\x95\xe6\xd6\x8c\x5f"
	"\x45\x11\x9c\x08\x1b\x7b\xc2\x48\x43\x8c\x16\x16\xf9\x71\x8a\x3a"
	"\x55\xd7\xc9\x77\x6d\x50\xaa\x16\x1b\xea\x0d\x31\xe2\xd4\x2a\x76"
	"\xef\xe2\x28\xb3\x2d\xa8\xf2\xf8\xf8\xfe\x0b\x6f\xa1\x2e\x4f\xb7"
	"\xcf\x1a\xf3\xa1\x73\x96\xe1\x2f\xad\x1a\xb0\xde\x83\xf1\x36\xe8"
	"\x3c\x4a\x6b\x80\x21\x40\x4e\x26\x74\xb7\xb6\x0a\xe2\x2d\x85\xd6"
	"\x26\x79\x44\xa3\x00\xa0\x89\x12\x50\x82\xb8\x49\x66\x43\x5d\xa5"
	"\x1b\xb3\x63\x13\xe5\x5c\xea\xeb\x02\x25\x52\x22\x42\xe6\x09\xd7"
	"\x0b\x74\x9e\xf1\xfa\xb5\x75\xc2\x44\xc4\x0b\xe8\x32\xda\xa4\xc2"
	"\xb2\x3a\x68\xd9\x26\x6c\x33\x60\x9e\x31\x07\x48\x1e\x50\x13\x43"
	"\x05\x18\x6b\xa1\x97\x0b\xcc\xc2\x42\xde\x3a\x0c\x21\x7a\x32\x2c"
	"\x81\x8a\x85\x56\x32\x59\xd6\x22\xec\x6b\x2b\x20\x96\xe9\x78\x68"
	"\x78\x73\x16\xf1\x84\x67\x95\xf3\xc9\xe0\x29\x98\xc2\x85\x8e\xac"
	"\x73\x59\x34\x84\xde\xfd\x76\x96\x67\xf4\xfc\x95\xe7\x27\xe6\xbf"
	"\xfe\xfd\xf9\xf6\xe3\xe6\x11\x03\x83\xff\xf8\x75\xf3\xed\xf8\xfd"
	"\xa7\xf6\x55\xed\x21\x03\xbd\xd6\xac\xea\x5c\x0b\xf5\x8a\x27\x76"
	"\x39\x67\x91\xb3\xd0\x46\x05\xfd\x23\x4c\xab\xa4\xfb\x7e\x71\x08"
	"\xb1\x3f\x4a\x40\xf9\x70\x16\xda\xa8\xa2\x6b\x00\xbd\x94\x39\x11"
	"\xcf\x02\xa0\xd5\x75\xb2\x27\x8c\xea\xfd\xa6\xaa\x1c\xd8\xb8\x29"
	"\x1d\x4d\x4b\xd6\x33\x5d\x9a\xd2\x88\x88\x3c\x60\xa0\x3c\x8c\x5c"
	"\x99\xe6\x5a\x28\x70\x26\xb6\x76\xf4\xaa\x2d\x9f\x38\x9a\x1b\x06"
	"\x48\x71\x7e\x08\x6a\xb8\xc4\x18\xd2\x3a\xd0\x9a\xb4\xaa\x5f\xc7"
	"\xe3\xc9\x12\x94\x66\x0b\x50\xd4\x99\xbb\xd0\xd5\x93\x4a\xff\x4b"
	"\xf7\x05\xf5\xa6\xfb\x9a\xd7\xdc\xaa\x51\xff\x13\x39\xaa\xcc\x0d"
	"\x84\xae\x93\xd5\x2a\x01\xd6\xe6\xf8\x74\x18\x6d\xb0\x0f\x95\x69"
	"\x1e\x9d\xb6\x12\x7b\x7f\xfb\x86\x4e\x21\x8f\x9f\xdf\x8e\x5f\x6e"
	"\xf8\xcb\x23\x6e\x2d\xe0\xd3\x37\xff\xf7\xf4\xf6\xed\x86\xbd\xbe"
	"\xfe\x78\x7c\xd2\xa0\xe8\xf3\xdb\x67\x6b\x8b\x85\x61\x6e\xd3\x33"
	"\xcc\x1d\x3d\x0a\x13\xd0\xb5\xd9\x64\x54\x95\xd9\x61\x4c\x65\x76"
	"\x3d\x6f\xba\x75\x2a\xc7\x84\xd7\xe1\x00\x27\xbb\x8a\x34\x99\x2f"
	"\x7c\x38\x79\x29\x6a\xb9\x20\x1c\xac\xba\x38\xe3\x81\xcf\xca\x80"
	"\xa6\xfc\x3e\xdd\x5a\xb4\xe0\x30\xe6\xb4\x48\xcf\x39\x6b\x02\xed"
	"\x21\xff\xfc\xe3\xcb\xf1\xd5\xa6\x65\xe0\x9a\xc9\x30\x0e\xe8\x46"
	"\x43\x25\x5c\x9f\x28\x49\x7f\xc2\xc3\xc0\xf1\x49\x26\x76\xbe\xf1"
	"\x57\xd0\x37\xba\xca\xbd\x92\x8e\x2a\xe1\x40\xdd\x89\xfe\xe5\xaf"
	"\xb9\x51\xfd\xfc\xfa\x8d\xa2\x40\xde\x3d\x0d\x4e\x1c\xd2\x14\x0e"
	"\xab\xdf\x0f\xba\x34\x84\x6f\x73\xc7\xf3\x86\xe8\xe9\xeb\xf1\xf5"
	"\xcd\x6e\x57\x84\xd3\x89\x93\xf8\x08\xf0\xb5\x02\x08\x6a\x3c\x8a"
	"\xd2\x98\xa6\xce\xba\xe5\xfb\x16\x4d\x1d\x1b\x61\xb0\xea\xa2\x99"
	"\xcd\x0b\xa3\xb9\x8b\x53\xa4\xb0\xce\x78\x86\xff\xfa\x7a\x2b\xf2"
	"\xe8\xca\xae\x42\x8c\xc5\xe8\x0a\xc6\x95\x0d\x05\x18\xd3\x89\x6f"
	"\xa7\x24\x6c\x6c\x8d\x0b\x0a\xa1\x5a\x57\xf1\x7c\xec\x62\xb7\x00"
	"\x98\xfa\x3a\x21\x73\x2f\x58\xad\xc5\x78\xe5\x9d\xd9\x5d\x35\x1f"
	"\xdb\x9e\x74\xe1\xd3\xcf\x6f\xbd\x90\x25\x67\x46\xe3\xda\x02\x50"
	"\x4a\xc5\xbe\x3e\x61\x14\x75\x90\x7a\x76\x2b\x13\xe1\xcc\x51\x71"
	"\x90\x95\x3b\x3a\xca\x4f\xbb\x34\x59\xce\x41\x33\x61\x7e\x1c\xa9"
	"\xe6\xd7\x10\x16\x74\xf7\x22\xe7\xb0\x63\xeb\x28\xb4\x78\x43\xc2"
	"\x1e\x58\xe4\x9d\x3f\x96\x49\x36\xf1\xae\xc4\xd3\x89\xe2\xad\x86"
	"\x4a\xea\x76\x86\x8b\x8a\x0a\xbc\x75\x5e\x49\x33\xef\x4a\xe2\x5e"
	"\x0a\xab\x5d\x39\x9c\xa8\x53\x90\xa4\x9f\xe8\x5b\x69\x5e\x46\x0d"
	"\xa9\x1a\x67\xbd\x4b\xbb\x13\x93\xd6\xd7\x22\xc3\x16\x96\x33\xef"
	"\x3a\xa6\x2c\xf5\x17\x70\xe2\xe5\x19\x43\x93\xbc\xf1\xc4\xfb\xfc"
	"\xf2\xe5\xc7\xf3\x4d\xf1\xfe\xfc\xd7\xf1\xd7\xe9\xc1\xd7\xe0\x91"
	"\xd7\x79\x85\xcb\xb4\x09\x2b\x51\xac\x3d\xcb\x48\x04\xeb\x53\x2c"
	"\x2d\x07\x84\x38\x01\x0c\x8c\xf9\x77\x81\x46\x0a\x95\xf0\x37\x6e"
	"\xb5\xfb\x29\xc5\xf4\xc8\x1c\xdd\xc0\xaa\x03\x21\x77\x36\xa0\x45"
	"\x5c\x6d\xff\x8c\x28\x5b\x99\xfb\x43\xc8\x82\x88\xee\x35\xc4\x43"
	"\xed\x84\x1e\x19\xf6\x0d\xa3\xb4\xb9\x56\x4d\xb2\x73\x39\x2e\xc8"
	"\x43\x8e\x49\x1a\x40\x93\x43\x75\x18\xc3\x36\x77\x6e\x8e\x2f\xc0"
	"\xaa\x0e\xb2\x16\x47\xd6\x41\x1f\x6d\x3f\x1f\xad\x9a\x90\xa3\xa2"
	"\x98\x82\xb2\xca\xd1\x19\x4f\x76\x85\xfa\x6a\x13\xca\x5b\x98\x6d"
	"\x29\xd1\x88\x77\x86\x5e\x14\x7e\x0d\xd7\xe1\xc2\xa9\x8c\xbc\x32"
	"\x5d\xa3\xca\x5a\x71\x73\xcb\xa6\xaf\x4a\xb1\xb1\x81\xfb\x87\x59"
	"\x8d\xf8\xae\xea\x6f\x2d\xde\xbe\xea\x10\x90\xaf\x4f\x5f\x5f\x8c"
	"\x03\xe8\xe3\xb7\xe3\xe3\x7f\x9e\x5e\xbe\x5e\x36\xa0\xb9\xd3\x68"
	"\x14\x66\x73\x34\xc6\x02\xd1\xf3\x45\xb1\xe1\x12\x75\xd4\xee\xa5"
	"\x0a\xc2\xf9\x5e\x09\xd6\x25\x02\x65\x02\x28\x8b\x88\x89\xc3\xb0"
	"\x3d\xea\xbe\x06\xab\xbe\xa4\xc4\x73\x20\xb7\xae\xc2\x56\x42\xf2"
	"\xb3\x89\x44\x09\x8e\x01\xd7\xf8\x20\xb0\x9b\x76\x0a\x70\x41\x8d"
	"\x29\x84\x75\xb4\xa0\x93\x3b\xa3\x54\xa2\x08\xd1\xa6\x20\xca\xfc"
	"\xe4\x35\xe3\x40\xc9\x78\x41\x40\x0b\xae\x9a\x5a\xa5\xdd\xdb\x8c"
	"\xb3\xab\x64\x98\x9e\xbd\xce\xba\x6e\x0b\xe8\x2f\x13\xe6\xd5\x3e"
	"\x4c\xd6\xda\x0d\x48\xf0\xd8\xe1\xd8\x10\x33\x7c\x11\x81\x77\xa0"
	"\x55\x96\x0e\x62\x1f\x15\xe6\x42\xb6\x71\x87\x7d\x0c\x31\x43\x7d"
	"\x08\x3b\xbf\xcb\x0e\xc2\xf1\xa2\xbf\x7d\xc2\xc6\x96\xf8\x7a\xe0"
	"\x54\xd5\x8d\x5b\xf9\x02\x61\x72\x50\xd7\x74\x02\xcb\x20\x8b\x49"
	"\x75\x4d\x23\xc0\x5e\xe3\xc1\x61\xe9\xf8\xd4\x40\x28\x06\xaf\x51"
	"\x98\xd8\x51\x0b\xd0\x60\x04\x29\x75\xfc\x85\x0b\xb2\x66\x12\x70"
	"\xeb\x0a\xa7\x99\x06\x2e\x09\x3b\x5c\x3a\x7d\xa7\xa2\x54\x99\xc9"
	"\x34\xb6\x40\x57\x16\x29\xc1\x8a\xa8\xcc\xfd\xb4\xc3\xab\x6b\x64"
	"\x7e\xfd\x93\x54\x97\x5a\xe7\x2b\x1c\xac\x67\x4f\x88\x7e\xa9\xb9"
	"\x52\xef\x97\xef\x1f\xb0\xb8\xdb\x1f\x53\xd2\xec\x97\x6e\xb9\xb8"
	"\x05\x6b\x77\xd8\x2a\xf4\xa1\xa4\x8c\x20\x79\x0b\x67\x44\xc2\x89"
	"\x0b\x58\x25\x75\x1e\xf8\x70\x24\x70\x5c\x6f\x1f\x08\x7a\x5e\x28"
	"\xd1\xac\x1f\xba\x2e\xdf\xa7\x5d\xeb\xb0\x4e\x2a\x60\x84\x92\xe3"
	"\x64\xba\xca\x9a\x4d\x5e\x39\xcb\x83\xdc\x59\x1c\xcb\xae\xab\xb8"
	"\x94\x65\x98\x02\x7b\xd2\xec\x4b\xb0\x9e\xe1\x53\x3b\xad\xf2\x7c"
	"\x58\xa4\xb3\x44\xf5\xd8\x0a\x96\x47\x39\xeb\x5c\xa8\x82\xbc\xd8"
	"\x48\x1d\xce\x0a\xd3\x7b\xaf\x55\x32\x80\x21\x00\xaa\xd0\x06\xcf"
	"\xa1\x5b\x15\xc2\x58\x14\x89\x46\x35\x8b\x19\x6c\xab\x01\x97\x3d"
	"\x11\x0a\xd1\xc2\x32\xd1\xe2\x45\xc7\xf6\x09\xa5\x2d\x77\x2a\xab"
	"\xae\xbf\xc9\x2e\x2d\x55\xd6\x71\xbc\x91\xeb\xcc\xd0\xba\xc3\xa5"
	"\xaa\x1a\xb4\xae\xee\xc0\xa2\xfb\x2e\xcf\xce\xca\x9e\xce\x8f\xbf"
	"\x7d\x5b\xa7\xc8\xf0\xd6\xbb\x53\x7d\xf6\xd0\x28\xd6\x37\x1b\x94"
	"\x22\x22\x74\x4d\x20\x80\xdb\x27\x5a\xdc\xa3\xce\x9b\xb9\x5c\xd5"
	"\xaa\xb4\xe7\x5b\x04\x3f\xe2\xa8\x43\x9b\x52\x27\xd0\x5e\xc3\xa9"
	"\x27\x0e\x5d\x42\x40\x7d\x65\xe6\x38\x02\x24\x86\x3a\x65\x69\x27"
	"\xef\xae\x84\xe9\x18\xb8\x31\xa3\xe5\xbe\x58\x3b\xe9\xa0\xcf\xd1"
	"\xcd\xf1\xd7\xcb\xf1\xfb\xcd\xb7\xcf\x27\x19\x41\x97\xfe\xfc\xf5"
	"\xf4\xf2\xf6\x1f\xf3\xa2\xe6\xf9\xf8\xfa\xd5\x15\x90\x56\x27\xd4"
	"\xdc\xe8\xf8\x8e\x2e\xa6\x5e\x16\xb2\xd4\x8e\xac\xeb\x0c\xce\xdb"
	"\xec\x6c\xbf\xbd\x25\x31\xee\xeb\x94\xab\xbb\xd9\xc5\xb3\xcf\xc8"
	"\x4e\x56\x0d\xb3\xce\x75\x08\xe6\x7c\x6d\x3b\x12\x71\x2a\xfa\xed"
	"\x29\x63\xaf\x3b\xd5\x0f\xea\x28\x4f\xdf\x8f\xbf\xbf\x3d\x3d\xb7"
	"\xc2\xd2\xab\x1e\xf8\xa3\x29\xff\xe5\x1a\xbb\xae\x49\x0b\x9d\xc4"
	"\x45\x8c\x36\xc4\xe6\x20\xef\xc0\x14\x71\x67\x58\xfe\x58\x80\xe6"
	"\xda\xec\x98\x28\xee\x26\xa3\xd9\xb2\x3f\x63\x15\xec\xfc\x1c\xd3"
	"\x4e\x51\xef\x37\x58\xa4\x5b\x00\x2c\xb7\x6b\x4b\x01\x52\x44\xd4"
	"\xe6\xad\x22\x9c\x66\x74\xd2\xca\x5d\x41\x5c\x60\xe0\xf8\xfa\x1e"
	"\x6e\x09\x34\x8a\x41\x0b\xad\x01\x0d\xa8\x02\x02\x9f\x7e\x94\x92"
	"\xa7\x32\x67\x83\x6c\x27\x17\x99\xb0\x87\xa2\xc9\xd0\x94\x45\x76"
	"\x18\x2c\xf3\x1d\x2b\x54\x4b\xa9\xaa\xd4\x6f\x24\xbb\x9e\xc5\xdd"
	"\xf2\x6e\x4f\xdb\xde\x97\x22\x04\x02\x73\xb6\xd1\x71\x16\x07\x6e"
	"\x62\x97\x37\xa9\xa9\xf6\x90\x15\xf7\x5d\x5f\xec\x73\xe1\xf9\xb2"
	"\xc6\x4c\xe9\xdd\xe8\x9f\xb1\x0b\xab\x4d\x0f\xf9\x6f\x9f\x7e\xe8"
	"\x2b\xcb\xb3\x93\x51\x34\x3f\x3e\xff\x00\x81\x35\x3a\xfe\xf5\xfe"
	"\xf5\xab\xd9\x6b\xfd\xc9\x80\x33\x80\x17\x92\x72\xe9\x37\x55\x22"
	"\xa2\x66\x8b\x8e\xb1\xe8\x4a\x80\x1c\xb2\x2c\x06\xae\xe3\x7d\x48"
	"\x53\xa0\xe1\xa1\xa0\xee\xec\x06\xc8\x98\x51\xdd\xd3\x21\x51\x62"
	"\xce\x58\x3a\xef\x8f\xc1\x2a\x83\x4f\x7c\x60\xaf\xed\x3c\xe3\xa8"
	"\x83\x13\x5a\x41\x63\x68\x97\x28\xea\x16\xb1\xa5\x37\x9c\x86\x19"
	"\xcc\xb7\xbd\x16\x4e\x10\xdf\xb2\x55\xf8\x62\xaa\x46\x96\xe3\xc1"
	"\xda\xba\x92\xb2\x9d\x39\x72\x8b\x93\x0a\x55\xb3\xcc\xee\x45\x0b"
	"\xf0\x54\x6f\x42\x9e\x02\x63\x49\x7d\xd4\x6c\x97\x33\x9e\xd0\x24"
	"\x45\x8c\xe8\x81\x09\x68\xba\xfd\xd8\x0c\x33\xd2\x0c\x47\xb0\x09"
	"\xcb\xae\x79\x3f\x34\x07\x0d\x2b\xa0\x18\x03\xb8\xc3\x86\xaa\x7a"
	"\x32\x21\xe2\xfb\x88\x9a\xe0\xab\x3a\xcb\x3e\x8d\x5b\xe0\x06\x23"
	"\xe0\xbc\xff\x34\xbc\x36\xf9\xfc\xf2\xb5\x1b\xe5\x1f\xd4\x9e\xba"
	"\x3a\x87\x04\xec\x1c\x70\x65\xac\x48\x20\x1e\x06\x20\xf6\xb1\xbc"
	"\x8b\xa6\x43\xc4\x7f\x04\xa7\xd9\xb2\xac\xe6\x77\xe3\xee\x10\xb0"
	"\x85\x26\xa9\x61\x17\x28\x26\xdd\x8b\x67\x77\x0f\x4c\x0a\x58\x58"
	"\x54\xae\x9d\x5b\x12\x6b\x46\xaf\xe3\x9e\xb4\xd3\x2b\x3e\x37\xdc"
	"\x03\xe2\xb1\x5a\xd6\xea\x6e\xde\x8d\x68\x99\xa0\x68\x46\x3a\xe3"
	"\x69\x38\xb5\x4d\xcc\xc7\x66\x91\xf3\x22\x32\x5c\xdc\x5e\xa2\xd8"
	"\xec\x86\xf3\x8a\xd2\xcf\xdb\x05\x28\x38\xcf\x2b\x5b\x98\xc0\x29"
	"\xbd\x30\xb8\x9b\xff\x7e\xfd\xf9\xf4\x82\x57\x41\xaf\xff\x7b\xf3"
	"\xfc\xfe\x76\xfc\xe7\x08\x7f\x1c\xdf\x1e\xff\xf8\xe3\x8f\xff\xe9"
	"\x4f\xb6\xa9\x77\xad\x25\x15\x3b\x9a\x7e\x25\xca\xed\xf9\x49\x8c"
	"\xfb\x2d\x1c\xd6\x81\x43\xf7\x71\x2a\xd4\x97\x41\xd0\xe6\xd2\xb7"
	"\x60\x1d\x21\xbd\x87\x7b\xf4\x6a\x25\xbb\x9d\x41\x02\xc6\x55\xee"
	"\x40\xb9\x4b\x7c\xbd\xda\x49\x9e\xfb\x2a\xd3\x43\xb3\x58\xfe\x00"
	"\x09\x14\x12\x14\x70\x64\x06\x53\x77\xa5\x2e\xa4\xb1\xb6\xd4\xb5"
	"\x12\xa1\xa4\x09\x0a\xbb\x0b\xf3\xd8\xd1\xcc\xfd\x32\x50\x5a\xcc"
	"\xd6\x4b\x4e\xb3\x8e\xee\x94\xea\x03\x1f\x46\x05\x92\x0a\x1a\xaf"
	"\x61\x69\x1a\x6d\xd7\xd3\xf9\x8d\x39\x44\xfc\x47\x00\xfc\xb7\xe5"
	"\x22\x28\xbb\xe6\x9d\x6b\x10\xb4\x33\xd9\x3b\x01\x48\x84\x00\xdf"
	"\x5a\xf1\x6d\x11\xfd\xa0\x2a\x1d\xa4\x55\x18\xe0\x84\x02\x46\x5e"
	"\x28\x90\x1c\xec\xa7\x3f\x22\xac\xdd\xa2\x02\x00\xf0\x00\x88\xe9"
	"\x59\x41\x0c\x6a\xea\x3a\x28\x78\x82\xc0\xe4\x64\xd9\x99\xd7\x2c"
	"\x46\x83\x4a\x70\xd6\xc8\x26\xf8\xbd\xcf\x33\xb8\xdd\x09\xf7\xad"
	"\x18\x26\xe8\xa4\x26\xed\xf4\xe8\x15\x07\x22\x10\x3a\xbe\x13\xa6"
	"\x1a\xe8\x70\x02\xec\x3b\x33\xa7\xb5\xe2\xa7\x17\xcc\x6e\x0f\xae"
	"\x76\x02\x30\x3c\x7d\x29\xe0\x48\xfd\x64\x84\x4e\xf7\x4b\x3f\x2d"
	"\xe3\xf9\x71\xd0\x98\x52\x84\x07\x55\x56\xd4\x12\x8c\xeb\xc2\xc8"
	"\xb5\x9a\x70\x62\xa0\x18\x9f\xa1\x6b\xc1\xaa\xc4\x8d\x73\xd2\x54"
	"\xe2\xd3\x86\xe9\x55\x60\x0e\xe0\x3c\x2c\x6b\x90\x8a\x41\x87\x06"
	"\xed\x74\x80\x82\x4f\xbd\xf4\x8c\x22\xa6\x96\x8c\xe5\x30\xbb\x45"
	"\xfb\xa1\xa9\xa5\x63\x81\x80\x2f\x08\xf6\x1b\xd3\xeb\x40\xdb\x02"
	"\x60\xa7\x50\xaf\x47\x05\xb4\x81\x0f\x57\x70\x19\x62\xed\xc3\x4c"
	"\x22\xd9\x26\x22\xde\x16\x6b\xcb\xb8\xb6\x00\x4b\xea\xc5\x8b\x46"
	"\x21\xa1\x1b\x9d\x4e\x41\xb6\x92\x2e\xbd\x5b\x82\x13\x7b\xd2\x4c"
	"\xcc\xb3\xab\x02\x05\xa7\x1e\x0d\xd7\x5a\xc8\x16\xd3\x00\x7b\xd1"
	"\xcc\x83\x15\x1a\x6e\x38\xf9\x62\xe6\x64\xa9\xfd\xa1\x27\x7c\x1f"
	"\xd5\x79\xe5\xa1\x8d\xd1\xfd\x8d\x9b\x9a\xa4\xf1\x36\x80\xa8\x88"
	"\x47\xd6\x1a\x41\x6b\xd8\x31\x0d\x37\x66\x07\x2f\x1c\xb6\x22\x91"
	"\xa2\x55\x63\xd4\x75\xea\x81\xe2\xbb\xd0\x18\xce\x52\x1a\x43\xe0"
	"\x2d\x90\x42\x15\xcd\x43\x2f\xea\x12\x4b\x43\x53\x22\xeb\xb8\x59"
	"\x88\x1b\xcf\x2a\xd5\xf7\x54\xe8\x54\xe8\x21\x40\xe5\xa6\x5e\x9c"
	"\x82\x28\x06\xd4\x69\x02\x60\x2d\x49\xce\xc4\x86\xae\x23\x4e\x45"
	"\x0e\xc7\xa6\x67\x80\xe6\xa1\xa7\xa7\xa3\xb4\x89\xa4\x5d\x2f\xda"
	"\xbd\x91\x74\x1e\x35\x8b\x25\x2f\x23\x2a\x5d\x03\x71\xda\x18\xd5"
	"\xae\xd1\x8a\x22\xf0\x1e\x0c\x73\x94\x96\x3d\xbd\x44\x32\xcc\x3d"
	"\x7a\x45\x99\x59\x47\x3d\xe3\x1c\xfe\xf6\xa9\x32\x75\x00\x5b\xdf"
	"\x6c\xff\xf4\x81\xa3\xb0\xd1\x7f\x56\x77\x45\x13\x82\x63\x08\x46"
	"\xd4\xa4\xed\x63\x9b\xde\x0b\x2b\xed\x0d\xdb\x62\xf4\x6e\x5e\xca"
	"\x3e\xcc\x59\x3f\xa6\x4c\xa9\x14\xee\xdc\xa6\x7d\xac\xdb\xcd\x97"
	"\x72\x01\x6a\x9e\x4a\xbd\x78\x4a\x23\x60\x38\xfa\xfc\x83\x23\x33"
	"\x25\x6c\x91\xa6\x3a\x23\x58\x21\x09\x10\xb7\x29\xe3\x58\x72\x45"
	"\xda\x7c\x76\x7b\x5b\x14\x62\x59\xba\x2e\x5a\x4d\xdf\xd7\x10\xcf"
	"\xca\x90\xe6\x6c\x38\x58\x39\xcc\x7f\x36\xc8\x88\x72\xca\xa6\x12"
	"\xea\xbc\x62\xef\xe6\xba\xbd\x7b\xb7\x87\x81\x42\x62\xf3\x52\x37"
	"\x67\x1b\x8e\x17\xa3\x1d\xe5\xce\x40\x31\x66\x0a\xfc\x89\xa9\x05"
	"\xf7\x2e\x20\x74\x95\x04\xcb\xae\x27\x6d\x5b\x86\x6f\x40\xad\xc2"
	"\x5c\x45\xf8\x67\xc1\xba\x19\x75\xfa\x30\x77\x0b\x08\xec\x6b\x83"
	"\x2d\xa0\x9f\x94\xf7\x54\xa8\xef\x58\xcd\x13\x5b\xab\xaf\x70\x54"
	"\xeb\x9b\x0a\x37\x78\xd7\xb5\x2d\xb7\x65\xd9\xc4\xbc\x05\xc4\x47"
	"\xb0\xb0\x24\x58\xbb\x0f\xfb\x48\x61\xc2\xc4\xd0\x24\xd6\x82\xd6"
	"\x59\x70\x32\xea\x87\x07\xfb\x43\x38\xd8\x58\x8c\xe9\xd2\xe0\xc0"
	"\x4d\xd2\xc2\x6e\x5f\x5f\x0e\xc1\x9e\xdc\xda\xb3\x56\xe0\x53\x61"
	"\xab\x14\xc4\x42\x7b\x64\x9b\xa0\x2c\xa2\xde\x8d\x75\x0b\x80\x61"
	"\x71\xc7\x7a\x50\x76\xbd\x45\x8c\xa6\x76\x26\xa2\x4c\x13\x50\x94"
	"\x95\x8d\xc2\xe1\xd0\xca\x54\x57\x46\xbb\x4c\x8a\x56\xb3\xed\x19"
	"\xd1\x4a\x36\x28\x9a\x32\xe9\x65\x0f\x6b\xc1\xc9\x4e\x38\x3a\x2d"
	"\x37\x01\xd6\xe8\x6a\x1f\x73\x94\xb9\x40\x81\x00\x41\xb8\xdc\x38"
	"\x56\x25\xb3\xc7\x81\xf7\xcc\x26\xe0\x0f\xb0\x01\x06\x5c\xa3\xb0"
	"\x47\xb4\xcb\xa0\x42\x18\x53\x65\x2f\x66\x9d\x05\xbc\x94\x8e\xd1"
	"\x02\x04\xfa\x48\xd3\xad\x91\xa9\xa3\x37\xc6\x58\x0f\xff\x6b\x4d"
	"\xaa\x76\x8b\x30\xb7\x56\x59\xe4\xd8\x97\x72\x6d\xf7\x29\xad\xb6"
	"\x0b\xc7\xa6\xae\x6d\x4a\x55\x2a\xb4\x7b\x07\x65\x68\x1d\x55\xd2"
	"\x5e\xfa\x45\xb6\x1c\x4d\xc6\xe3\x66\x81\x22\x23\x9c\xda\x17\x41"
	"\xd9\x8d\x07\xbb\x0c\x50\x31\xc2\x10\x85\x19\xd4\x0f\x0f\x0f\x36"
	"\x81\x2a\x17\xd1\x4a\x55\xc2\xd8\x24\x0f\x09\x18\x97\xf6\x57\x9a"
	"\x4b\xa2\x78\x8b\xad\xdb\xa4\xda\x66\x70\x3c\x46\x3c\x75\xf2\xcf"
	"\x93\xe5\xb0\x0f\x89\x59\x9a\x35\xa7\xdb\xaa\xa2\xe1\xa5\xbd\xb1"
	"\xa2\xbc\x0d\xc6\x70\x6e\xd9\xb1\x48\x43\x18\x88\x07\xde\x26\x06"
	"\xb7\xf7\x5d\x91\x98\xa7\xf5\x2a\x74\x91\xad\x51\x75\x51\xf0\xac"
	"\x59\xcb\xd2\x39\x26\x7d\xe4\xdb\xb3\x90\xde\x97\x76\x53\x55\x8c"
	"\x6e\x3f\xae\xbd\x07\x35\x4d\x27\xcd\x78\xb1\x31\x96\x0d\x17\x59"
	"\x75\xee\x31\x54\x05\xc8\x21\x82\x32\x74\x30\xb1\x3a\xae\xae\x23"
	"\xe8\x03\x3a\xc0\x37\x79\x16\xe9\x6b\x57\x7b\x52\x22\xa5\x01\xbd"
	"\xdb\xfb\xcb\xbe\x96\x15\x86\x1f\xeb\x1e\xea\x98\x5c\xac\x49\x37"
	"\x25\xf1\xc2\x08\xa1\xf7\x3c\xaf\xc9\x48\x5d\x08\x44\xe7\x7a\x97"
	"\xa4\x07\x60\x0c\x95\xd6\x14\x75\x1e\x00\xe7\x5c\x2c\xc7\xd3\xff"
	"\xea\x56\xac\x81\x82\x6f\xef\x46\xff\x20\x8c\x8d\x6c\x68\xeb\x10"
	"\x01\x8a\x30\xef\x79\x1d\x61\xdd\x3b\x58\xb2\x9c\xad\x33\x54\xd6"
	"\x44\x44\x18\xe1\xfa\x88\x28\xf3\x28\x9e\x57\x8e\xa4\x12\x5d\x5a"
	"\xe9\xab\x1a\x8c\x4c\x03\xfa\x57\x8f\x58\xd8\x2d\x76\x0b\xfc\x82"
	"\x4c\x20\x71\x42\x91\x84\x2e\x66\xe0\xab\xeb\x55\xac\xbc\x55\x04"
	"\xe3\x79\xe3\xad\x00\x11\x3c\x15\x80\x38\x32\x26\x72\x16\xb4\x50"
	"\x22\xdf\x03\x42\x67\xab\xbe\x9b\x70\xf7\x43\x98\xc7\x01\xc5\xa0"
	"\xcc\xd3\xd2\x6c\x35\xf2\x74\x63\x39\x5f\x78\x80\x4b\xdf\x97\xc4"
	"\x1b\xef\xd3\x97\x23\x1a\x7a\xbb\x98\x53\x40\x1c\xde\x70\xb5\xf7"
	"\xc8\xde\x3f\xf4\x89\xf5\x65\xc2\xea\xf8\xe5\xa3\xa0\x64\x62\x70"
	"\x1a\x9e\x72\x98\xf6\x4b\x4b\x55\x75\xdf\x26\xeb\x4e\x40\x19\xdd"
	"\x43\x7d\x3b\x49\x82\x2f\xcc\x88\xe8\xbc\xde\x42\xc3\xa4\xca\x66"
	"\x97\x99\x9b\x0f\x03\xf5\x34\xe0\xce\xac\x67\xb2\x9f\x55\x95\x1a"
	"\x9c\x5d\xba\xbc\x5f\x84\x81\x15\x6b\x74\xd3\x6e\xd0\x0e\x20\xef"
	"\xc6\x8b\xe9\x72\x36\x44\xc8\x35\xc2\x5a\x94\x35\x1c\x1e\xe3\xc9"
	"\xd2\x0d\x0f\x33\x4c\x42\x6c\x92\xef\x69\xdc\xbb\xc5\xcc\x8b\x79"
	"\x37\x1e\x4d\x7a\x18\x75\xb1\x29\xca\x5d\x61\x3a\xe4\xe8\x67\x17"
	"\x7c\xee\xce\xc2\x8f\x66\xf7\xea\x83\x5f\xdc\x4d\xe6\x16\x62\x0c"
	"\x9a\xf2\xb0\xd3\x58\x8e\x72\x1c\xaa\xa6\x8e\x11\x6b\x10\x7a\x20"
	"\x4f\x27\xbd\x05\xb8\x51\x48\xf0\xcb\x23\x79\x2c\x8c\x93\xdd\x60"
	"\x99\x6e\x94\xc0\xb3\x57\x0c\x97\xe5\x19\x80\x87\x32\xb1\xba\x5a"
	"\x04\x8c\x56\xd2\xac\x99\x4a\x86\x02\xf7\xa5\x82\x7e\xb9\xdc\x51"
	"\x65\x8d\x4a\xd0\x43\xc2\xda\x23\x1b\x3c\x7b\x54\x55\x66\x69\x78"
	"\xa0\x0e\x2f\x59\xda\xdc\xbf\xda\xb1\x8a\xc2\xcf\x23\x7d\x7d\x30"
	"\x68\xaa\x2d\x6e\xd6\x15\xf7\x7f\xd8\xec\x2b\x6e\x35\xd8\x82\x64"
	"\xe5\x39\x2c\x4e\x38\x1e\xc6\x84\xa6\x0c\xcf\xae\x34\x60\x10\x11"
	"\x88\x67\xd2\x1d\x9c\xc1\xe4\xb9\x50\xf2\xea\x5a\x47\xbc\x7d\xc5"
	"\xc4\x89\x32\x20\x2c\x7c\x5d\x84\x26\xae\xb3\x0c\x8d\x18\x59\x49"
	"\x3c\xad\xd0\x3b\x34\xa8\x25\x15\x92\x53\xaf\x78\x9e\x87\x21\x39"
	"\xa9\xa0\x5a\xa2\x4c\xd8\x5b\xf3\x30\xbe\x7e\x41\xe0\x28\xc0\xf5"
	"\xd7\xf7\x62\xd1\x0b\x38\xaa\x58\xa3\x60\x08\x03\x76\x8f\x99\x51"
	"\x8d\xbd\x9f\x04\x68\xe7\x74\x38\x3c\x42\xeb\xac\xe8\xe0\x68\xb0"
	"\xde\xc4\x98\xa0\x74\x3c\xf7\xe3\xe1\xe9\xa3\x11\xa7\x03\xe9\x61"
	"\xd8\x2a\x0b\x24\x41\x9f\x2e\x2a\xdb\xa2\x4e\x80\xd1\x68\x54\x72"
	"\x37\x1f\x4f\x28\x3c\xbe\xaf\xb4\xd6\xa4\x78\x65\x22\x11\x0d\xf8"
	"\x73\x17\x57\x26\xa0\x24\x6e\x3a\xb8\xd3\x89\xdd\x57\x8c\x1e\x86"
	"\x76\xfb\xe1\x9d\xb0\x85\x96\x6d\x80\xb7\x0c\xcd\x02\xe8\x52\x5c"
	"\x48\x6e\xb1\x88\x2a\x92\xdb\x90\x3e\x48\xab\x88\xbe\x47\x00\xb8"
	"\xb6\x61\x34\x31\x28\xf4\xe8\xb2\x77\x85\xdf\xa1\x9f\xa5\xb6\xcf"
	"\x3b\x17\x81\x85\xa5\x09\x31\x1b\xad\x16\x5e\x2c\x7d\x51\x8c\x9a"
	"\x09\x68\x14\xd3\xd1\xed\xe4\x03\xc8\x01\x1e\xe2\x03\xb6\x6f\xa1"
	"\x0a\x34\xb5\x65\x0d\x7a\xce\x1f\xcc\xd1\xd2\x1b\xf8\x36\x16\xbb"
	"\x88\x1a\x2f\x2e\xff\xff\xaf\xec\xd8\x76\xe3\xd6\x71\xbf\x52\xe4"
	"\x0b\x92\xc9\x65\xcf\xcb\x3e\xd8\x96\xed\xd1\x89\x6f\x95\x6c\xcf"
	"\xe4\xc9\xe8\x9e\x76\xb1\x05\x4e\x4e\x81\xa0\xbb\xe8\xe7\x2f\x49"
	"\xc9\x33\x16\x45\x39\x39\x7d\x28\x10\x92\xa2\x2e\x23\xf1\x26\x8a"
	"\x6e\x63\x55\xe9\xfb\x20\x7d\xb5\xd1\xe9\x57\xbe\x93\x06\x97\xa7"
	"\x6f\x0b\x0d\xfe\x5e\x72\xc9\x4b\xcc\xb0\xb7\x2f\x96\xd7\x45\xdb"
	"\x90\xa8\x12\xbc\x29\xb3\x98\xb3\xcb\x49\x05\x1f\x12\x4c\x7d\xd0"
	"\x9b\x02\xcd\x18\xd1\x5c\x73\xfa\x06\xf0\x78\x53\x1f\x69\x47\x16"
	"\xf5\xd0\xa7\x05\xe9\xa9\x29\x9a\x32\x2d\xaf\xba\xdd\xc6\x6e\x25"
	"\x88\x66\xc9\x5a\x95\x30\xc4\x97\xa3\x5d\x26\xfc\xdd\x03\xa9\x14"
	"\xc5\xcf\x8a\xbe\xe9\x0d\x46\x83\x29\x12\x63\xb9\xf2\xc9\x2c\x58"
	"\x8b\x63\xda\xb1\xaa\xb2\x11\x1c\x5b\x81\x6a\x2b\x3f\x0f\x05\x96"
	"\x9e\xe6\xac\x11\x5c\xcb\x6f\x12\x68\x0f\x81\x22\xe2\xe7\xb1\xdc"
	"\x5b\x16\xf7\x8b\xa0\x13\x9e\x24\x39\x1f\x61\xf7\x50\xb9\xb8\xcf"
	"\x93\x36\xcf\x89\x9e\x5d\x20\xcb\x99\x9d\xbe\x2e\x46\xb8\x66\x9e"
	"\xc0\x9b\x15\x6c\x5a\x76\x37\xff\xcd\x89\x0d\x38\x47\x2f\x75\x99"
	"\xda\xa0\x27\x61\xe6\x60\x72\xe8\x94\xe9\x00\x36\x62\x3f\x45\x81"
	"\xc9\x13\xc5\x73\x06\x15\xd4\xfa\xbc\x20\x28\x55\x7b\x38\xbe\x58"
	"\x1f\x43\x60\xbb\x13\x28\x4e\xcd\xac\xed\x94\x35\x3e\x2c\xbc\xb3"
	"\x95\x81\xd8\xa8\xe7\x93\xae\xf4\xbb\x44\xf9\xce\x94\x97\x53\xae"
	"\xa2\x91\x36\x63\xde\xa8\x7f\xde\x7c\xfd\xf6\xef\x2f\xff\xfd\xf3"
	"\xe7\x4d\xd4\x46\xb7\x43\x03\x02\xe8\x9e\x1d\x5e\xba\xbf\xef\x26"
	"\xd0\xd3\xb9\xe5\xc6\x36\xb5\x6b\x1b\x66\x2a\x06\xa5\xd4\xe9\x0c"
	"\xce\x26\x63\x2a\x9d\x40\xbe\xcb\xe8\x3c\x9f\x8b\xfd\xd9\xc3\xa6"
	"\xd9\xb1\x40\xce\x63\x5b\x54\xf5\x1e\xda\xa4\x37\x54\xa6\x6c\xda"
	"\x9d\x03\xdc\x52\xeb\x0e\x4d\xdd\x73\x92\x68\xee\x75\xb1\x5f\x4f"
	"\xd2\x2d\x6c\x31\x4a\x44\xdb\x43\x38\x1e\x97\xe1\x64\xe2\x90\x3e"
	"\x3e\x03\xa8\x5f\x96\x12\xfc\xdd\x02\x1d\x15\xa4\xc4\x20\xcb\xc8"
	"\x37\x1f\x72\x50\x25\xa8\x7a\x2c\x0e\xd4\xe1\xa7\x65\x53\x36\x33"
	"\x3e\x3a\xa0\x4b\x7a\xd0\x46\xa6\xb4\xdb\x8e\xc3\xe5\x99\xed\x8a"
	"\x4a\x4e\x0d\x1d\xf2\x2a\x2d\xe6\xc6\x36\x8d\xcb\x77\x62\x63\x14"
	"\x4d\x4c\x0c\x1f\x83\xf3\xaf\x91\xc3\xbf\x6e\x2f\xc1\xeb\x17\x50"
	"\xe0\xe6\x0b\xd0\x8b\x83\x2e\x31\x73\x1e\x9c\x8c\xf1\x3a\x98\x70"
	"\x07\xc9\x3d\x89\x5b\x81\x21\x2c\x40\x9d\xc9\x2c\x20\x72\x91\xdc"
	"\x9b\x5f\x02\xc6\x2b\x31\x61\x48\xa0\xc9\xa4\x8e\x9d\xae\x11\x30"
	"\xf3\x55\x5c\xb0\x5f\x41\x3c\xd1\x14\x24\xc7\xa8\x36\x5d\x4d\xc0"
	"\x82\xda\xb4\x33\x42\xac\x49\x06\x2b\x8a\x34\x4e\xb6\xb4\xf0\x77"
	"\x4f\xce\xf5\xc2\x4a\x32\x5c\x2a\x58\xf6\x18\xbc\x70\x75\x56\x6f"
	"\xde\x7e\x00\xfe\xfb\x5f\xdf\x7f\xbe\x7d\x65\x21\x4e\xd7\xb5\x96"
	"\x13\xe7\x43\x02\xf7\x74\xf5\x76\x8b\xfc\x7d\x6a\xf3\xde\x65\xc6"
	"\xc7\x81\x89\x76\x9c\xbc\xed\x0d\x06\xdc\x2d\xf3\x98\x30\x89\x01"
	"\x04\xa9\xee\x28\xc7\xd4\x09\x54\x68\x90\x5c\x03\x5d\x77\x18\xbe"
	"\xce\x8d\x56\x58\x49\x3a\x41\x99\x4d\x58\x65\x94\xaa\xe8\xa6\xa5"
	"\x8c\xaf\x4f\x8a\xe1\x33\x95\xd4\x79\x93\xbb\x9a\x77\x61\xe1\x2f"
	"\x6f\xaf\xff\x7a\xbc\xbf\x11\x29\xb2\x5c\xaf\x54\x5f\xde\xfe\xf8"
	"\xcf\xd3\xc3\x0d\x3f\xf9\xfc\x06\x2a\xe5\x3e\xa8\xb6\x0a\x0f\x2c"
	"\x8a\xd6\x33\xd8\xb3\xe1\xd2\xc6\x10\x34\x79\xc3\x96\x64\x04\xd7"
	"\xb0\xeb\x62\xe8\x64\x8d\x4c\x4b\xd7\x0f\xaf\xb1\x91\x19\xdb\x3c"
	"\x91\xb5\x7d\x12\x38\x2a\x33\x87\x50\x54\xe0\x98\x9e\x77\x02\x29"
	"\x44\x7e\x48\x44\x80\xdb\x1c\x93\x91\xc1\x74\x36\x60\x1d\xaf\x71"
	"\xb9\x50\xd7\x55\x98\xbb\x39\x96\x70\xa6\x5b\x3d\x96\x66\x4f\xe1"
	"\xdf\x3d\x61\xae\x0b\xa5\x99\xc0\x34\xe8\xf1\xd2\xa2\xd5\x59\x4a"
	"\x3a\xf3\x86\x0e\xc8\xa8\x22\x15\x52\x05\xc1\x76\x52\x51\x20\x0a"
	"\x60\x70\xcc\x64\x23\x88\xee\x65\x4a\x97\xaa\xd5\x65\x8d\x74\x71"
	"\xee\xac\xa8\x3a\xe3\xf7\x69\xb5\x3a\x87\x8b\x03\x80\x85\xc7\xc1"
	"\x10\x16\x4b\x1c\x75\x54\xde\xd9\xe1\x13\x44\xcc\x3b\x51\x1a\x24"
	"\x91\x82\x23\x89\xfd\x22\x74\x2f\xfc\xcc\x02\x95\xdf\x37\x29\xcc"
	"\xa6\x51\x14\xda\x05\xf7\xab\x4b\xdb\x42\xab\x80\xc8\x0a\x0c\x4b"
	"\xba\x5d\x22\xe7\x0f\xb9\xac\x09\x4c\xc1\x58\x3a\x56\x02\x30\x34"
	"\x17\x4e\xfc\x1a\x0f\x60\x63\xf0\x46\x6e\x73\xa5\x73\xcd\x15\x08"
	"\x86\x05\xda\x3f\x3d\xe4\x66\x2a\x81\xdf\x78\x4c\x7e\x1c\x86\x6e"
	"\xab\xb0\x48\x72\x9d\x56\x12\x8f\x77\x87\x36\xe7\xef\x04\xb7\xbb"
	"\xbb\x2a\x97\x73\x66\xea\xc8\x4f\x42\x4d\x81\x35\x80\xd7\x3a\xce"
	"\x3c\x6f\x4d\xe2\xb1\x94\x99\xe1\x71\x27\x86\x74\xa2\xff\xf6\xd7"
	"\x2d\xfe\x7b\xb8\x65\xf2\xff\xd8\x29\x20\x1b\x76\xf7\xe1\xbb\xa1"
	"\x5c\xfa\xa4\x54\xd6\x70\xa1\x85\xc9\x83\xb0\x64\xb5\x24\x6f\xc3"
	"\xb0\x1c\x5e\xca\x27\x78\xef\xa4\x9e\x14\xe0\xb2\x1b\xcb\x93\xb1"
	"\x68\x29\x3b\xf7\x52\x06\x7d\xff\x17\xb0\x2d\xcb\xb4\x80\x42\x29"
	"\x4e\xdf\xaf\xa8\xdd\x93\x57\x6e\xee\xdb\x36\x99\xe5\x4a\x36\xa7"
	"\x36\x9a\x25\x0d\x5c\x33\x2a\xb8\x37\x58\x8c\x06\x6b\x42\xa0\x0a"
	"\x77\x4b\x92\x60\x8a\xa9\x21\x15\xa5\x93\x8a\x9e\xa7\xca\x5d\xde"
	"\xee\x73\x72\x52\x5d\x05\x83\x36\x7a\xa6\x72\xf4\x1d\x3b\x35\xd7"
	"\x44\x0d\x96\x0a\xb3\xf4\x06\x5a\x6d\x8f\x7a\x57\x8d\xab\xed\x51"
	"\x8a\x27\xf3\xca\x0b\x4d\x51\xd8\x74\x18\x95\x79\xd6\x03\x86\x1f"
	"\x5e\x45\x22\xf7\xf0\x2f\x7f\x8f\x00\x6d\xd7\x26\xcb\xcb\x60\x53"
	"\xc1\xb4\xb0\xbc\xc1\x9a\xf9\x90\x28\xc5\x4d\x53\xa6\xf5\x71\xa9"
	"\x13\xd2\xb0\x2b\xdc\x17\xca\x16\xcc\x32\xef\x30\x97\x67\x13\x01"
	"\x86\xbf\xdb\x00\xe0\x89\x2a\x8b\x39\x9b\x9b\xc7\xd3\xdb\x4e\xc1"
	"\x9e\x0c\xee\xe9\x84\xd9\x35\xd9\x4b\x69\x12\x25\x6d\x85\x15\x55"
	"\x89\x39\x74\x19\xac\xc6\x18\x0c\x17\x41\x7e\x00\x17\x99\x45\x82"
	"\xb8\xcc\x9d\xaf\xb0\xd9\x0b\x57\x04\x6c\x38\x0a\xc3\x48\x38\x96"
	"\x8a\x75\x45\x54\x23\x58\xfe\x63\x82\x1f\x6d\x81\x04\xd6\xad\x5e"
	"\x02\x79\x6a\xd1\x68\xdd\x2e\xee\x06\x89\xbe\x46\x98\xeb\x74\xc5"
	"\x4d\xf7\x07\x11\x8e\xbf\x72\x72\x98\x39\x9a\x85\xbd\xff\xd4\x52"
	"\x4c\x60\x4a\x7c\x19\x20\xa2\xe6\x31\x8b\x94\x0b\x08\xd2\x4a\x8e"
	"\x87\x86\x6b\x88\x4b\xc3\x23\xa3\x08\xab\x83\xe4\x31\x84\x60\xd1"
	"\x81\x06\xac\x25\x97\xb4\x74\xed\x0c\x71\x55\x99\xe1\x5b\x8f\x44"
	"\x77\x4b\x73\xe0\xf7\xab\x98\x0f\xf5\xca\x00\x4e\xbb\x3f\x32\x53"
	"\x59\xa5\x8c\xaf\xaa\x29\xcf\x86\x45\x4b\x1c\x4c\xb0\x20\x90\xfd"
	"\xf1\xb4\x5e\xda\xc4\xf2\x70\x3a\xb8\xd4\xe2\xb9\xdc\xef\x6e\x99"
	"\x0f\xf8\xbe\x9e\x33\x58\x91\x77\x8b\xea\x7b\x03\xa2\xa2\x89\x82"
	"\x08\xa1\xea\x9f\x25\x0f\x1d\xc5\x3f\xbd\x0c\xbc\xf3\x8a\x32\x42"
	"\x1c\x18\x82\x56\xc8\x6e\xc3\x48\xa8\x24\x45\x1e\x17\xc4\x21\x85"
	"\xb8\x17\x98\xdb\xb2\xc1\xf7\x28\x60\xb1\x62\xe0\x8e\x4f\xdb\x7d"
	"\xa0\xee\xb9\x5f\xb2\xdb\x74\x94\x03\x68\x7a\x53\x64\x1f\xa2\xc9"
	"\xf7\x69\xa8\x26\x0f\xf8\x87\x8c\x57\x8a\x2a\xbf\x95\x06\xdc\xf4"
	"\x5d\x1d\xf3\x48\x92\xe5\x7b\x5d\xd9\x23\x7e\x6c\x6b\xed\x8a\x21"
	"\x9f\xb3\x29\xd3\xd0\x8d\x38\x88\xac\x23\xdc\xee\x10\x3a\xad\x8f"
	"\xd9\xb4\x3f\xd9\x33\xfc\xc7\x3b\x70\xd9\x6d\xa9\x10\xd0\x50\xf0"
	"\x07\x39\x68\xee\x16\x16\x8b\x77\x35\x51\x92\x96\x6d\x0b\x7a\xb1"
	"\x9a\xb6\x41\x89\x22\xb3\x49\x1f\x76\x73\x7f\xc4\xf3\xcc\xa8\x77"
	"\x0c\xbe\xc1\xd1\x94\x82\xc2\x03\x7d\x59\xa2\x29\x7c\x9a\x46\x3a"
	"\x0c\xe8\xa6\xf1\x4c\x77\x5f\xdb\x84\xb3\xb5\xf0\xea\x8f\xaf\xdf"
	"\x7e\x7e\xfb\x83\x8a\xab\xbe\x7d\xff\xdf\xb7\xeb\x97\x91\x1b\x18"
	"\xb8\xd9\xbe\x6d\xa3\x30\x4f\x66\x85\xef\x1a\xe3\x6a\x2b\x9d\xd5"
	"\x6b\x53\x74\x83\xc1\x27\x09\x33\xc3\x3d\x30\x94\x4a\x1e\xb8\x06"
	"\x94\x5c\xc2\x39\x66\x5e\xae\xac\x2e\xd9\xe7\x04\xfd\x34\xfe\xf8"
	"\xf1\x67\x30\x26\x82\x46\x4f\x98\xd1\x43\x8c\x47\x70\x01\x87\x1b"
	"\xf2\x02\x5e\x85\xa3\x2b\x19\xde\x8f\xc3\x3a\x08\xcc\x4f\x04\x43"
	"\x55\x83\x11\x16\x72\xdc\x20\x58\x92\xcc\x15\x21\x7a\x66\x2b\xae"
	"\x68\x9e\x61\xe5\x66\xad\x76\x9c\x4c\x4a\x2d\x73\xf4\x71\x72\x7e"
	"\x3b\xad\x83\xc4\xf0\x87\x1a\xd7\xbf\x5c\x4e\x71\x3e\x8d\x63\xdf"
	"\x85\x63\xde\x62\x58\x60\x64\x83\x09\xd6\x02\x2f\xe4\x43\x26\x08"
	"\x61\x21\x2c\x80\x04\x8d\x72\x10\x5a\x33\xd8\xae\xe4\x80\x86\xad"
	"\x03\x14\xbb\x3a\xdf\xa2\x02\x7e\x06\x76\x2e\x6c\xbe\x59\x17\x25"
	"\x1a\xc2\xf3\xa7\x75\xaa\xf5\x60\x43\xf6\x35\xcf\x4e\x05\x40\xc0"
	"\xca\xc5\xd7\x29\x7e\x4e\x73\xe6\xbb\x9c\xe3\xa3\x65\x77\x04\xa4"
	"\x1a\x2c\x6f\xac\x60\x33\xdd\x3d\x55\x67\xfb\x6e\x00\x7f\xcb\x25"
	"\xd1\x85\xc1\x37\x41\xf2\xf0\x0c\x7f\x2e\x74\x59\xf5\x41\x77\x28"
	"\xb0\xe2\x35\xf7\x88\x78\xc5\x3d\x22\xfa\xfd\xf0\x42\x30\x66\x83"
	"\xd0\x98\x07\x42\x03\x06\x78\xb6\x31\xfe\xea\xf2\x15\x26\x2a\x2a"
	"\x89\x6f\xf6\x2f\x47\xbb\xc0\xfa\x46\x2a\xe6\x1f\xa5\x9d\x7b\x60"
	"\xc0\x1d\x63\xed\xd1\x09\xf7\xc0\x28\x21\x2f\x3a\xdd\x45\xdf\xb6"
	"\x18\xe4\x6a\x9e\x43\x06\x57\x38\xbf\x97\x5d\xe1\xf2\x71\xde\xa0"
	"\x0f\xe9\xbb\x89\x90\x6c\x19\x55\xfb\x37\x48\xfd\xf7\xb9\x10\xf4"
	"\x91\x56\x43\x21\x7c\x06\xa1\x9f\x3a\xc5\x77\x13\x01\xe5\x92\x05"
	"\x1d\xc5\x7c\x9e\xee\x7f\xfd\xa2\x41\x9c\x8e\xda\x8e\xa9\x0f\x12"
	"\x73\xe2\xb6\x34\x60\xb0\x8f\x1f\xa2\xfd\xc0\xec\xb6\x4d\x06\x1c"
	"\xf5\xe7\x29\x6b\x53\xd5\x67\xb7\xc4\xb6\x2f\xa8\x8f\x32\x55\xd3"
	"\x70\xa5\x3d\x9f\x2f\xb4\x60\x25\x1c\x3f\x44\x8c\x03\x7f\x97\xf8"
	"\xb7\xc7\xa7\x95\xf3\x3e\xd3\xbb\x87\xdf\x24\x42\xf9\xa7\xc3\x56"
	"\x48\x0c\x8e\x56\x03\x96\x68\x56\x25\x79\x5f\xa8\xf0\xed\xeb\xfb"
	"\x54\x35\xd6\x73\xd8\x25\x2b\xec\xc3\xfd\xc3\xe3\x2e\x09\xfc\x44"
	"\x8f\x77\xc2\xb7\xcf\x6d\x35\x84\x07\x0e\x00\xcc\xfd\xa9\x86\xe0"
	"\xa4\x62\xb2\x58\xd8\x64\x72\xd9\x0b\x0c\x22\x78\x36\x04\xc6\x9a"
	"\x71\x0a\xa5\x65\xf4\xfa\x06\xd1\x0f\xe0\xb5\xb7\x97\xc2\xe8\x20"
	"\x66\xf0\xc1\x5e\x37\x9a\x58\x28\x79\x44\x2c\x98\x3c\x22\x18\x74"
	"\x85\xf9\x52\x24\x9c\x42\x5f\xc8\x81\x45\xa1\xed\xbe\x12\x46\x62"
	"\x2e\x1b\xb4\x24\x14\xb7\x78\x49\x3e\x6e\xf1\xa1\x24\x17\xac\x00"
	"\x49\xff\x0b\x9a\x7f\x68\x8b\x4f\xcc\x8c\xe3\x8a\x7f\xb8\xea\xfd"
	"\xd0\x42\x05\x78\x36\xc9\x97\xdc\x88\xc3\x53\x3c\xdf\xed\xa3\xe3"
	"\xe2\xd7\x76\xc4\x7a\xee\x6c\x0f\x21\x8c\xed\x22\x04\x85\x3a\xbf"
	"\xca\x75\xbf\xda\x0d\x2c\x3d\x6a\xc5\x44\x76\xe4\xe7\x36\xb0\x34"
	"\x7c\x04\x95\x75\xef\xa1\xa1\x7e\x19\xa6\xca\x94\x9f\x79\x57\x1e"
	"\x1c\xcf\xaa\x2d\x30\x18\xb0\xed\x4b\x8f\xc5\x82\x26\x8f\x34\xe2"
	"\x2d\x8e\xb3\xc2\x94\xab\x70\x7c\x08\x09\xad\x6e\x4a\xcb\xa2\xe1"
	"\xfe\x43\xc8\xd7\x02\xe6\xef\x65\x70\x9e\x55\x3a\x16\x8d\xd1\x48"
	"\xa1\xbd\xff\x92\x39\x3e\x94\x2e\x4f\x59\xd3\xf0\x39\x6d\x50\xe2"
	"\xf9\xc0\x44\x1e\xde\x66\x85\x8b\x0d\x26\x9b\xc7\xa7\x08\x80\xec"
	"\x96\xdf\x01\xc3\x4d\x5f\xe8\x72\x39\x16\xcc\x32\x59\xa1\xcc\x81"
	"\xf1\x50\xe9\x06\xbf\xd0\x4b\x6b\x75\x94\xd8\x52\x2e\xf4\xf6\x14"
	"\x5a\x45\x4e\x1d\x22\xe7\x22\x5e\x37\x42\xd4\xe5\x10\x29\xef\x0b"
	"\x22\x6a\xd2\x29\xcd\x89\x01\x14\xef\xbc\x41\xe3\xad\xb8\x29\xe7"
	"\x43\x64\x18\x5c\x51\x71\x33\xb0\xce\x61\xde\x7d\xa3\xf0\xf5\xff"
	"\xc5\x65\xd4\x39\x93\xd5\x08\x61\x29\x6f\x00\x61\xab\x9d\x0d\x7c"
	"\xa5\x79\x2e\x06\x42\x42\xeb\x6f\x18\x75\x91\x35\x8a\xef\xf5\x2b"
	"\x9c\xd9\x80\x17\x78\xe0\x6a\xfa\x29\x92\x41\x9d\x98\x3e\xe1\xe2"
	"\xaf\xd8\x0f\x3a\x16\xee\x5a\xf8\xdd\x5a\x3e\xb5\x96\xef\x87\x36"
	"\x94\xd5\x7d\x4f\xcf\x57\x99\xa3\x79\x01\xf3\x47\x29\x1e\x1c\xba"
	"\x6b\x18\xb4\x64\xfe\x1a\xc5\x31\x5f\x23\x10\xdf\xb6\xa0\xc6\x6a"
	"\x7c\x8d\xd5\xf5\xc1\x9b\x5b\x43\x0f\xdc\x56\xa8\x17\x59\x63\x11"
	"\x2d\x59\x3b\xc6\xdf\xbb\x70\xc5\xbe\x61\x29\x23\x61\xb8\x22\x92"
	"\x89\xde\xac\x46\x5f\x66\x27\x7b\x32\x38\xb3\xff\x03\xa9\xd0\x49"
	"\x3b\x17\xc2\x01\x00"
MAGIC_END;
